provider,principal_ref,email,last_activity
gcp,user:noura.almarri@gov.ae,noura.almarri@gov.ae,2026-08-12
aws,arn:aws:iam::111122223333:user/khalid.johnson,khalid.johnson@gov.ae,2026-08-24
aws,arn:aws:iam::111122223333:user/mariam.khan,mariam.khan@gov.ae,2026-08-03
gcp,user:mariam.khan@gov.ae,mariam.khan@gov.ae,2026-08-03
aws,arn:aws:iam::111122223333:user/hamdan.chen,hamdan.chen@gov.ae,2026-07-10
azure,hamdan.chen@gov.ae,hamdan.chen@gov.ae,2026-07-10
gcp,user:hamdan.chen@gov.ae,hamdan.chen@gov.ae,2026-07-10
azure,amal.kumar@gov.ae,amal.kumar@gov.ae,2026-07-07
gcp,user:amal.kumar@gov.ae,amal.kumar@gov.ae,2026-07-07
aws,arn:aws:iam::111122223333:user/shaikha.rahman,shaikha.rahman@gov.ae,2026-07-08
azure,shaikha.rahman@gov.ae,shaikha.rahman@gov.ae,2026-07-08
aws,arn:aws:iam::111122223333:user/mariam.ibrahim,mariam.ibrahim@gov.ae,2026-04-28
gcp,user:mariam.ibrahim@gov.ae,mariam.ibrahim@gov.ae,2026-04-28
aws,arn:aws:iam::111122223333:user/majid.kumar,majid.kumar@gov.ae,2026-09-07
gcp,user:majid.kumar@gov.ae,majid.kumar@gov.ae,2026-09-07
aws,arn:aws:iam::111122223333:user/zayed.al.suwaidi,zayed.alsuwaidi@gov.ae,2026-04-17
azure,zayed.alsuwaidi@gov.ae,zayed.alsuwaidi@gov.ae,2026-04-17
gcp,user:zayed.alsuwaidi@gov.ae,zayed.alsuwaidi@gov.ae,2026-04-17
aws,arn:aws:iam::111122223333:user/maha.zaman,maha.zaman@gov.ae,2026-09-04
gcp,user:maha.zaman@gov.ae,maha.zaman@gov.ae,2026-09-04
aws,arn:aws:iam::111122223333:user/tariq.patel,tariq.patel@gov.ae,2026-07-28
azure,tariq.patel@gov.ae,tariq.patel@gov.ae,2026-07-28
aws,arn:aws:iam::111122223333:user/khalid.ibrahim,khalid.ibrahim@gov.ae,2026-04-13
azure,khalid.ibrahim@gov.ae,khalid.ibrahim@gov.ae,2026-04-13
gcp,user:khalid.ibrahim@gov.ae,khalid.ibrahim@gov.ae,2026-04-13
azure,maha.farah@gov.ae,maha.farah@gov.ae,2026-08-22
gcp,user:maha.farah@gov.ae,maha.farah@gov.ae,2026-08-22
gcp,user:yousef.qureshi@gov.ae,yousef.qureshi@gov.ae,2026-07-29
aws,arn:aws:iam::111122223333:user/wafa.ibrahim,wafa.ibrahim@gov.ae,2026-07-22
azure,wafa.ibrahim@gov.ae,wafa.ibrahim@gov.ae,2026-07-22
gcp,user:wafa.ibrahim@gov.ae,wafa.ibrahim@gov.ae,2026-07-22
azure,olivia.sharma@gov.ae,olivia.sharma@gov.ae,2026-08-20
gcp,user:olivia.sharma@gov.ae,olivia.sharma@gov.ae,2026-08-20
aws,arn:aws:iam::111122223333:user/omar.kumar,omar.kumar@gov.ae,2026-04-19
azure,omar.kumar@gov.ae,omar.kumar@gov.ae,2026-04-19
azure,arun.chen@gov.ae,arun.chen@gov.ae,2026-02-20
gcp,user:arun.chen@gov.ae,arun.chen@gov.ae,2026-02-20
azure,wafa.almansoori@gov.ae,wafa.almansoori@gov.ae,2026-04-24
aws,arn:aws:iam::111122223333:user/majid.wang,majid.wang@gov.ae,2026-07-07
azure,majid.wang@gov.ae,majid.wang@gov.ae,2026-07-07
gcp,user:majid.wang@gov.ae,majid.wang@gov.ae,2026-07-07
aws,arn:aws:iam::111122223333:user/maha.sharma,maha.sharma@gov.ae,2026-08-14
azure,maha.sharma@gov.ae,maha.sharma@gov.ae,2026-08-14
gcp,user:maha.sharma@gov.ae,maha.sharma@gov.ae,2026-08-14
aws,arn:aws:iam::111122223333:user/aisha.silva,aisha.silva@gov.ae,2026-08-13
azure,aisha.silva@gov.ae,aisha.silva@gov.ae,2026-08-13
gcp,user:aisha.silva@gov.ae,aisha.silva@gov.ae,2026-08-13
azure,shaikha.qureshi@gov.ae,shaikha.qureshi@gov.ae,2026-01-03
gcp,user:shaikha.qureshi@gov.ae,shaikha.qureshi@gov.ae,2026-01-03
aws,arn:aws:iam::111122223333:user/emma.haddad,emma.haddad@gov.ae,2026-09-03
azure,emma.haddad@gov.ae,emma.haddad@gov.ae,2026-09-03
gcp,user:emma.haddad@gov.ae,emma.haddad@gov.ae,2026-09-03
aws,arn:aws:iam::111122223333:user/noura.johnson,noura.johnson@gov.ae,2026-07-11
azure,noura.johnson@gov.ae,noura.johnson@gov.ae,2026-07-11
gcp,user:noura.johnson@gov.ae,noura.johnson@gov.ae,2026-07-11
azure,noura.nassar@gov.ae,noura.nassar@gov.ae,2026-07-04
aws,arn:aws:iam::111122223333:user/majid.aziz,majid.aziz@gov.ae,2026-08-25
azure,majid.aziz@gov.ae,majid.aziz@gov.ae,2026-08-25
gcp,user:majid.aziz@gov.ae,majid.aziz@gov.ae,2026-08-25
aws,arn:aws:iam::111122223333:user/huda.costa,huda.costa@gov.ae,2025-12-30
azure,huda.costa@gov.ae,huda.costa@gov.ae,2025-12-30
aws,arn:aws:iam::111122223333:user/rashid.habib,rashid.habib@gov.ae,2026-07-12
azure,rashid.habib@gov.ae,rashid.habib@gov.ae,2026-07-12
gcp,user:rashid.habib@gov.ae,rashid.habib@gov.ae,2026-07-12
azure,sofia.almarri@gov.ae,sofia.almarri@gov.ae,2025-12-15
gcp,user:sofia.almarri@gov.ae,sofia.almarri@gov.ae,2025-12-15
aws,arn:aws:iam::111122223333:user/aisha.sharma,aisha.sharma@gov.ae,2026-07-05
azure,aisha.sharma@gov.ae,aisha.sharma@gov.ae,2026-07-05
aws,arn:aws:iam::111122223333:user/sofia.costa,sofia.costa@gov.ae,2026-06-21
azure,sofia.costa@gov.ae,sofia.costa@gov.ae,2026-06-21
azure,saeed.almansoori@gov.ae,saeed.almansoori@gov.ae,2026-07-14
aws,arn:aws:iam::111122223333:user/emma.silva,emma.silva@gov.ae,2026-07-02
azure,emma.silva@gov.ae,emma.silva@gov.ae,2026-07-02
aws,arn:aws:iam::111122223333:user/hamdan.chen,hamdan.chen2@gov.ae,2026-08-08
azure,hamdan.chen2@gov.ae,hamdan.chen2@gov.ae,2026-08-08
gcp,user:hamdan.chen2@gov.ae,hamdan.chen2@gov.ae,2026-08-08
aws,arn:aws:iam::111122223333:user/maha.osman,maha.osman@gov.ae,2026-04-14
azure,maha.osman@gov.ae,maha.osman@gov.ae,2026-04-14
gcp,user:maha.osman@gov.ae,maha.osman@gov.ae,2026-04-14
aws,arn:aws:iam::111122223333:user/yousef.rahman,yousef.rahman@gov.ae,2026-08-04
azure,yousef.rahman@gov.ae,yousef.rahman@gov.ae,2026-08-04
gcp,user:yousef.rahman@gov.ae,yousef.rahman@gov.ae,2026-08-04
aws,arn:aws:iam::111122223333:user/tariq.al.marri,tariq.almarri@gov.ae,2026-08-04
azure,tariq.almarri@gov.ae,tariq.almarri@gov.ae,2026-08-04
aws,arn:aws:iam::111122223333:user/yousef.al.nuaimi,yousef.alnuaimi@gov.ae,2026-07-07
azure,yousef.alnuaimi@gov.ae,yousef.alnuaimi@gov.ae,2026-07-07
gcp,user:yousef.alnuaimi@gov.ae,yousef.alnuaimi@gov.ae,2026-07-07
aws,arn:aws:iam::111122223333:user/sofia.khan,sofia.khan@gov.ae,2026-08-23
azure,sofia.khan@gov.ae,sofia.khan@gov.ae,2026-08-23
azure,james.sharma@gov.ae,james.sharma@gov.ae,2026-08-10
gcp,user:james.sharma@gov.ae,james.sharma@gov.ae,2026-08-10
aws,arn:aws:iam::111122223333:user/khalid.johnson,khalid.johnson2@gov.ae,2026-09-07
gcp,user:khalid.johnson2@gov.ae,khalid.johnson2@gov.ae,2026-09-07
aws,arn:aws:iam::111122223333:user/aisha.johnson,aisha.johnson@gov.ae,2026-08-26
azure,aisha.johnson@gov.ae,aisha.johnson@gov.ae,2026-08-26
aws,arn:aws:iam::111122223333:user/hamdan.khan,hamdan.khan@gov.ae,2026-08-12
azure,hamdan.khan@gov.ae,hamdan.khan@gov.ae,2026-08-12
gcp,user:hamdan.khan@gov.ae,hamdan.khan@gov.ae,2026-08-12
azure,amal.osman@gov.ae,amal.osman@gov.ae,2026-08-08
gcp,user:olivia.alhashimi@gov.ae,olivia.alhashimi@gov.ae,2026-07-20
aws,arn:aws:iam::111122223333:user/ahmad.al.suwaidi,ahmad.alsuwaidi@gov.ae,2026-08-30
azure,ahmad.alsuwaidi@gov.ae,ahmad.alsuwaidi@gov.ae,2026-08-30
gcp,user:ahmad.alsuwaidi@gov.ae,ahmad.alsuwaidi@gov.ae,2026-08-30
aws,arn:aws:iam::111122223333:user/salma.silva,salma.silva@gov.ae,2026-07-20
azure,ahmad.ibrahim@gov.ae,ahmad.ibrahim@gov.ae,2026-01-19
gcp,user:ahmad.ibrahim@gov.ae,ahmad.ibrahim@gov.ae,2026-01-19
aws,arn:aws:iam::111122223333:user/shaikha.chen,shaikha.chen@gov.ae,2026-08-31
azure,shaikha.chen@gov.ae,shaikha.chen@gov.ae,2026-08-31
gcp,user:shaikha.chen@gov.ae,shaikha.chen@gov.ae,2026-08-31
aws,arn:aws:iam::111122223333:user/hamdan.nassar,hamdan.nassar@gov.ae,2026-05-01
gcp,user:hamdan.nassar@gov.ae,hamdan.nassar@gov.ae,2026-05-01
aws,arn:aws:iam::111122223333:user/noah.al.nuaimi,noah.alnuaimi@gov.ae,2026-08-06
azure,noah.alnuaimi@gov.ae,noah.alnuaimi@gov.ae,2026-08-06
aws,arn:aws:iam::111122223333:user/emma.al.balushi,emma.albalushi@gov.ae,2026-07-24
azure,emma.albalushi@gov.ae,emma.albalushi@gov.ae,2026-07-24
aws,arn:aws:iam::111122223333:user/layla.al.suwaidi,layla.alsuwaidi@gov.ae,2026-06-02
gcp,user:layla.alsuwaidi@gov.ae,layla.alsuwaidi@gov.ae,2026-06-02
aws,arn:aws:iam::111122223333:user/arun.sharma,arun.sharma@gov.ae,2026-07-30
azure,arun.sharma@gov.ae,arun.sharma@gov.ae,2026-07-30
gcp,user:arun.sharma@gov.ae,arun.sharma@gov.ae,2026-07-30
azure,bilal.johnson@gov.ae,bilal.johnson@gov.ae,2026-07-31
azure,salma.johnson@gov.ae,salma.johnson@gov.ae,2026-07-11
gcp,user:salma.johnson@gov.ae,salma.johnson@gov.ae,2026-07-11
aws,arn:aws:iam::111122223333:user/huda.osman,huda.osman@gov.ae,2026-09-08
gcp,user:huda.osman@gov.ae,huda.osman@gov.ae,2026-09-08
aws,arn:aws:iam::111122223333:user/wafa.qureshi,wafa.qureshi@gov.ae,2026-08-21
azure,wafa.qureshi@gov.ae,wafa.qureshi@gov.ae,2026-08-21
aws,arn:aws:iam::111122223333:user/salma.aziz,salma.aziz@gov.ae,2026-08-30
gcp,user:salma.aziz@gov.ae,salma.aziz@gov.ae,2026-08-30
azure,reem.farah@gov.ae,reem.farah@gov.ae,2026-07-29
aws,arn:aws:iam::111122223333:user/huda.qureshi,huda.qureshi@gov.ae,2026-02-16
azure,huda.qureshi@gov.ae,huda.qureshi@gov.ae,2026-02-16
gcp,user:huda.qureshi@gov.ae,huda.qureshi@gov.ae,2026-02-16
aws,arn:aws:iam::111122223333:user/khalid.al.mansoori,khalid.almansoori@gov.ae,2026-07-11
azure,khalid.almansoori@gov.ae,khalid.almansoori@gov.ae,2026-07-11
aws,arn:aws:iam::111122223333:user/olivia.al.mansoori,olivia.almansoori@gov.ae,2026-09-02
azure,olivia.almansoori@gov.ae,olivia.almansoori@gov.ae,2026-09-02
aws,arn:aws:iam::111122223333:user/dana.khan,dana.khan@gov.ae,2026-05-21
gcp,user:aisha.alsuwaidi@gov.ae,aisha.alsuwaidi@gov.ae,2026-08-29
aws,arn:aws:iam::111122223333:user/dana.patel,dana.patel@gov.ae,2026-07-28
azure,dana.patel@gov.ae,dana.patel@gov.ae,2026-07-28
gcp,user:dana.patel@gov.ae,dana.patel@gov.ae,2026-07-28
aws,arn:aws:iam::111122223333:user/adel.habib,adel.habib@gov.ae,2026-08-04
azure,adel.habib@gov.ae,adel.habib@gov.ae,2026-08-04
aws,arn:aws:iam::111122223333:user/hana.habib,hana.habib@gov.ae,2026-07-17
azure,hana.habib@gov.ae,hana.habib@gov.ae,2026-07-17
gcp,user:hana.habib@gov.ae,hana.habib@gov.ae,2026-07-17
aws,arn:aws:iam::111122223333:user/hana.saleh,hana.saleh@gov.ae,2026-08-11
azure,salma.johnson2@gov.ae,salma.johnson2@gov.ae,2026-06-26
gcp,user:salma.johnson2@gov.ae,salma.johnson2@gov.ae,2026-06-26
aws,arn:aws:iam::111122223333:user/olivia.silva,olivia.silva@gov.ae,2026-07-21
gcp,user:olivia.silva@gov.ae,olivia.silva@gov.ae,2026-07-21
aws,arn:aws:iam::111122223333:user/rashid.kumar,rashid.kumar@gov.ae,2026-07-07
azure,rashid.kumar@gov.ae,rashid.kumar@gov.ae,2026-07-07
gcp,user:rashid.kumar@gov.ae,rashid.kumar@gov.ae,2026-07-07
aws,arn:aws:iam::111122223333:user/dana.kumar,dana.kumar@gov.ae,2025-11-12
azure,dana.kumar@gov.ae,dana.kumar@gov.ae,2025-11-12
gcp,user:dana.kumar@gov.ae,dana.kumar@gov.ae,2025-11-12
azure,rashid.kumar2@gov.ae,rashid.kumar2@gov.ae,2026-03-20
gcp,user:rashid.kumar2@gov.ae,rashid.kumar2@gov.ae,2026-03-20
aws,arn:aws:iam::111122223333:user/james.sharma,james.sharma2@gov.ae,2026-06-25
azure,james.sharma2@gov.ae,james.sharma2@gov.ae,2026-06-25
gcp,user:james.sharma2@gov.ae,james.sharma2@gov.ae,2026-06-25
aws,arn:aws:iam::111122223333:user/huda.costa,huda.costa2@gov.ae,2026-06-27
azure,huda.costa2@gov.ae,huda.costa2@gov.ae,2026-06-27
aws,arn:aws:iam::111122223333:user/latifa.rahman,latifa.rahman@gov.ae,2026-07-30
gcp,user:latifa.rahman@gov.ae,latifa.rahman@gov.ae,2026-07-30
aws,arn:aws:iam::111122223333:user/liam.ibrahim,liam.ibrahim@gov.ae,2026-08-31
azure,liam.ibrahim@gov.ae,liam.ibrahim@gov.ae,2026-08-31
aws,arn:aws:iam::111122223333:user/majid.al.balushi,majid.albalushi@gov.ae,2026-08-27
azure,majid.albalushi@gov.ae,majid.albalushi@gov.ae,2026-08-27
gcp,user:majid.albalushi@gov.ae,majid.albalushi@gov.ae,2026-08-27
aws,arn:aws:iam::111122223333:user/khalid.qureshi,khalid.qureshi@gov.ae,2026-07-22
aws,arn:aws:iam::111122223333:user/wei.aziz,wei.aziz@gov.ae,2025-12-20
azure,wei.aziz@gov.ae,wei.aziz@gov.ae,2025-12-20
gcp,user:wei.aziz@gov.ae,wei.aziz@gov.ae,2025-12-20
azure,majid.alnuaimi@gov.ae,majid.alnuaimi@gov.ae,2026-08-09
gcp,user:majid.alnuaimi@gov.ae,majid.alnuaimi@gov.ae,2026-08-09
aws,arn:aws:iam::111122223333:user/hamdan.farah,hamdan.farah@gov.ae,2026-06-20
azure,hamdan.farah@gov.ae,hamdan.farah@gov.ae,2026-06-20
aws,arn:aws:iam::111122223333:user/nasser.johnson,nasser.johnson@gov.ae,2026-08-06
azure,nasser.johnson@gov.ae,nasser.johnson@gov.ae,2026-08-06
azure,huda.johnson@gov.ae,huda.johnson@gov.ae,2026-08-05
aws,arn:aws:iam::111122223333:user/saeed.khan,saeed.khan@gov.ae,2026-07-17
azure,saeed.khan@gov.ae,saeed.khan@gov.ae,2026-07-17
gcp,user:saeed.khan@gov.ae,saeed.khan@gov.ae,2026-07-17
aws,arn:aws:iam::111122223333:user/layla.qureshi,layla.qureshi@gov.ae,2026-07-15
azure,layla.qureshi@gov.ae,layla.qureshi@gov.ae,2026-07-15
gcp,user:layla.qureshi@gov.ae,layla.qureshi@gov.ae,2026-07-15
aws,arn:aws:iam::111122223333:user/ahmad.nassar,ahmad.nassar@gov.ae,2026-07-04
azure,ahmad.nassar@gov.ae,ahmad.nassar@gov.ae,2026-07-04
gcp,user:ahmad.nassar@gov.ae,ahmad.nassar@gov.ae,2026-07-04
azure,nasser.osman@gov.ae,nasser.osman@gov.ae,2026-01-01
aws,arn:aws:iam::111122223333:user/james.kumar,james.kumar@gov.ae,2026-08-01
azure,james.kumar@gov.ae,james.kumar@gov.ae,2026-08-01
gcp,user:james.kumar@gov.ae,james.kumar@gov.ae,2026-08-01
aws,arn:aws:iam::111122223333:user/mei.rahman,mei.rahman@gov.ae,2026-07-18
azure,mei.rahman@gov.ae,mei.rahman@gov.ae,2026-07-18
gcp,user:mei.rahman@gov.ae,mei.rahman@gov.ae,2026-07-18
aws,arn:aws:iam::111122223333:user/huda.sharma,huda.sharma@gov.ae,2026-08-08
azure,huda.sharma@gov.ae,huda.sharma@gov.ae,2026-08-08
gcp,user:huda.sharma@gov.ae,huda.sharma@gov.ae,2026-08-08
aws,arn:aws:iam::111122223333:user/james.qureshi,james.qureshi@gov.ae,2026-06-24
gcp,user:james.qureshi@gov.ae,james.qureshi@gov.ae,2026-06-24
aws,arn:aws:iam::111122223333:user/hamdan.chen,hamdan.chen3@gov.ae,2026-08-19
azure,hamdan.chen3@gov.ae,hamdan.chen3@gov.ae,2026-08-19
gcp,user:hamdan.chen3@gov.ae,hamdan.chen3@gov.ae,2026-08-19
aws,arn:aws:iam::111122223333:user/ahmad.patel,ahmad.patel@gov.ae,2026-07-31
azure,ahmad.patel@gov.ae,ahmad.patel@gov.ae,2026-07-31
gcp,user:ahmad.patel@gov.ae,ahmad.patel@gov.ae,2026-07-31
azure,emma.osman@gov.ae,emma.osman@gov.ae,2026-06-23
gcp,user:emma.osman@gov.ae,emma.osman@gov.ae,2026-06-23
gcp,user:saeed.kumar@gov.ae,saeed.kumar@gov.ae,2026-08-20
aws,arn:aws:iam::111122223333:user/nasser.patel,nasser.patel@gov.ae,2026-05-30
azure,nasser.patel@gov.ae,nasser.patel@gov.ae,2026-05-30
gcp,user:nasser.patel@gov.ae,nasser.patel@gov.ae,2026-05-30
aws,arn:aws:iam::111122223333:user/olivia.osman,olivia.osman@gov.ae,2026-08-06
azure,olivia.osman@gov.ae,olivia.osman@gov.ae,2026-08-06
gcp,user:olivia.osman@gov.ae,olivia.osman@gov.ae,2026-08-06
azure,majid.patel@gov.ae,majid.patel@gov.ae,2026-07-10
azure,emma.kamal@gov.ae,emma.kamal@gov.ae,2026-09-02
gcp,user:emma.kamal@gov.ae,emma.kamal@gov.ae,2026-09-02
aws,arn:aws:iam::111122223333:user/faisal.sharma,faisal.sharma@gov.ae,2026-09-08
azure,faisal.sharma@gov.ae,faisal.sharma@gov.ae,2026-09-08
gcp,user:faisal.sharma@gov.ae,faisal.sharma@gov.ae,2026-09-08
azure,saeed.almansoori2@gov.ae,saeed.almansoori2@gov.ae,2026-09-04
gcp,user:saeed.almansoori2@gov.ae,saeed.almansoori2@gov.ae,2026-09-04
aws,arn:aws:iam::111122223333:user/salma.al.suwaidi,salma.alsuwaidi@gov.ae,2026-01-28
azure,salma.alsuwaidi@gov.ae,salma.alsuwaidi@gov.ae,2026-01-28
gcp,user:salma.alsuwaidi@gov.ae,salma.alsuwaidi@gov.ae,2026-01-28
aws,arn:aws:iam::111122223333:user/bilal.al.nuaimi,bilal.alnuaimi@gov.ae,2026-07-19
azure,bilal.alnuaimi@gov.ae,bilal.alnuaimi@gov.ae,2026-07-19
gcp,user:bilal.alnuaimi@gov.ae,bilal.alnuaimi@gov.ae,2026-07-19
aws,arn:aws:iam::111122223333:user/priya.chen,priya.chen@gov.ae,2026-05-31
azure,priya.chen@gov.ae,priya.chen@gov.ae,2026-05-31
gcp,user:priya.chen@gov.ae,priya.chen@gov.ae,2026-05-31
aws,arn:aws:iam::111122223333:user/james.al.marri,james.almarri@gov.ae,2026-08-27
azure,james.almarri@gov.ae,james.almarri@gov.ae,2026-08-27
gcp,user:james.almarri@gov.ae,james.almarri@gov.ae,2026-08-27
aws,arn:aws:iam::111122223333:user/bilal.habib,bilal.habib@gov.ae,2026-08-02
azure,bilal.habib@gov.ae,bilal.habib@gov.ae,2026-08-02
gcp,user:bilal.habib@gov.ae,bilal.habib@gov.ae,2026-08-02
aws,arn:aws:iam::111122223333:user/tariq.haddad,tariq.haddad@gov.ae,2026-08-30
azure,tariq.haddad@gov.ae,tariq.haddad@gov.ae,2026-08-30
gcp,user:tariq.haddad@gov.ae,tariq.haddad@gov.ae,2026-08-30
aws,arn:aws:iam::111122223333:user/latifa.wang,latifa.wang@gov.ae,2026-08-27
azure,latifa.wang@gov.ae,latifa.wang@gov.ae,2026-08-27
gcp,user:latifa.wang@gov.ae,latifa.wang@gov.ae,2026-08-27
aws,arn:aws:iam::111122223333:user/noah.al.marri,noah.almarri@gov.ae,2026-08-05
azure,noah.almarri@gov.ae,noah.almarri@gov.ae,2026-08-05
gcp,user:noah.almarri@gov.ae,noah.almarri@gov.ae,2026-08-05
azure,mariam.smith@gov.ae,mariam.smith@gov.ae,2026-08-23
azure,aisha.haddad@gov.ae,aisha.haddad@gov.ae,2026-07-03
gcp,user:aisha.haddad@gov.ae,aisha.haddad@gov.ae,2026-07-03
aws,arn:aws:iam::111122223333:user/dana.patel,dana.patel2@gov.ae,2026-07-06
azure,dana.patel2@gov.ae,dana.patel2@gov.ae,2026-07-06
gcp,user:dana.patel2@gov.ae,dana.patel2@gov.ae,2026-07-06
azure,mariam.kamal@gov.ae,mariam.kamal@gov.ae,2026-08-29
gcp,user:mariam.kamal@gov.ae,mariam.kamal@gov.ae,2026-08-29
aws,arn:aws:iam::111122223333:user/tariq.smith,tariq.smith@gov.ae,2026-06-29
azure,tariq.smith@gov.ae,tariq.smith@gov.ae,2026-06-29
gcp,user:tariq.smith@gov.ae,tariq.smith@gov.ae,2026-06-29
aws,arn:aws:iam::111122223333:user/fatima.sharma,fatima.sharma@gov.ae,2026-08-27
azure,fatima.sharma@gov.ae,fatima.sharma@gov.ae,2026-08-27
gcp,user:fatima.sharma@gov.ae,fatima.sharma@gov.ae,2026-08-27
aws,arn:aws:iam::111122223333:user/reem.al.mansoori,reem.almansoori@gov.ae,2026-07-20
gcp,user:reem.almansoori@gov.ae,reem.almansoori@gov.ae,2026-07-20
aws,arn:aws:iam::111122223333:user/wafa.chen,wafa.chen@gov.ae,2026-06-25
azure,wafa.chen@gov.ae,wafa.chen@gov.ae,2026-06-25
aws,arn:aws:iam::111122223333:user/wei.wang,wei.wang@gov.ae,2026-08-26
azure,wei.wang@gov.ae,wei.wang@gov.ae,2026-08-26
gcp,user:wei.wang@gov.ae,wei.wang@gov.ae,2026-08-26
aws,arn:aws:iam::111122223333:user/khalid.zaman,khalid.zaman@gov.ae,2026-07-05
azure,khalid.zaman@gov.ae,khalid.zaman@gov.ae,2026-07-05
gcp,user:khalid.zaman@gov.ae,khalid.zaman@gov.ae,2026-07-05
aws,arn:aws:iam::111122223333:user/zayed.ibrahim,zayed.ibrahim@gov.ae,2026-03-07
azure,zayed.ibrahim@gov.ae,zayed.ibrahim@gov.ae,2026-03-07
gcp,user:zayed.ibrahim@gov.ae,zayed.ibrahim@gov.ae,2026-03-07
aws,arn:aws:iam::111122223333:user/huda.silva,huda.silva@gov.ae,2026-08-07
azure,huda.silva@gov.ae,huda.silva@gov.ae,2026-08-07
aws,arn:aws:iam::111122223333:user/omar.farah,omar.farah@gov.ae,2026-07-21
gcp,user:omar.farah@gov.ae,omar.farah@gov.ae,2026-07-21
azure,liam.smith@gov.ae,liam.smith@gov.ae,2026-09-02
gcp,user:liam.smith@gov.ae,liam.smith@gov.ae,2026-09-02
aws,arn:aws:iam::111122223333:user/shaikha.farah,shaikha.farah@gov.ae,2026-07-22
gcp,user:shaikha.farah@gov.ae,shaikha.farah@gov.ae,2026-07-22
aws,arn:aws:iam::111122223333:user/emma.smith,emma.smith@gov.ae,2026-08-20
azure,emma.smith@gov.ae,emma.smith@gov.ae,2026-08-20
azure,james.osman@gov.ae,james.osman@gov.ae,2026-08-16
gcp,user:james.osman@gov.ae,james.osman@gov.ae,2026-08-16
aws,arn:aws:iam::111122223333:user/nasser.silva,nasser.silva@gov.ae,2026-07-24
gcp,user:nasser.silva@gov.ae,nasser.silva@gov.ae,2026-07-24
aws,arn:aws:iam::111122223333:user/adel.sharma,adel.sharma@gov.ae,2026-06-21
azure,adel.sharma@gov.ae,adel.sharma@gov.ae,2026-06-21
gcp,user:adel.sharma@gov.ae,adel.sharma@gov.ae,2026-06-21
aws,arn:aws:iam::111122223333:user/dana.al.marri,dana.almarri@gov.ae,2026-08-15
azure,dana.almarri@gov.ae,dana.almarri@gov.ae,2026-08-15
gcp,user:dana.almarri@gov.ae,dana.almarri@gov.ae,2026-08-15
aws,arn:aws:iam::111122223333:user/salma.farah,salma.farah@gov.ae,2026-07-15
azure,salma.farah@gov.ae,salma.farah@gov.ae,2026-07-15
gcp,user:salma.farah@gov.ae,salma.farah@gov.ae,2026-07-15
aws,arn:aws:iam::111122223333:user/amal.habib,amal.habib@gov.ae,2026-08-06
gcp,user:amal.habib@gov.ae,amal.habib@gov.ae,2026-08-06
aws,arn:aws:iam::111122223333:user/reem.wang,reem.wang@gov.ae,2025-12-03
gcp,user:reem.wang@gov.ae,reem.wang@gov.ae,2025-12-03
aws,arn:aws:iam::111122223333:user/james.smith,james.smith@gov.ae,2026-07-06
azure,james.smith@gov.ae,james.smith@gov.ae,2026-07-06
gcp,user:james.smith@gov.ae,james.smith@gov.ae,2026-07-06
azure,faisal.sharma2@gov.ae,faisal.sharma2@gov.ae,2026-09-05
gcp,user:faisal.sharma2@gov.ae,faisal.sharma2@gov.ae,2026-09-05
aws,arn:aws:iam::111122223333:user/priya.farah,priya.farah@gov.ae,2026-06-29
azure,priya.farah@gov.ae,priya.farah@gov.ae,2026-06-29
gcp,user:priya.farah@gov.ae,priya.farah@gov.ae,2026-06-29
aws,arn:aws:iam::111122223333:user/olivia.rahman,olivia.rahman@gov.ae,2026-08-07
azure,olivia.rahman@gov.ae,olivia.rahman@gov.ae,2026-08-07
gcp,user:olivia.rahman@gov.ae,olivia.rahman@gov.ae,2026-08-07
azure,majid.sharma@gov.ae,majid.sharma@gov.ae,2025-12-20
gcp,user:majid.sharma@gov.ae,majid.sharma@gov.ae,2025-12-20
azure,noah.patel@gov.ae,noah.patel@gov.ae,2026-06-28
gcp,user:noah.patel@gov.ae,noah.patel@gov.ae,2026-06-28
aws,arn:aws:iam::111122223333:user/priya.patel,priya.patel@gov.ae,2026-07-15
gcp,user:priya.patel@gov.ae,priya.patel@gov.ae,2026-07-15
azure,hamdan.nassar2@gov.ae,hamdan.nassar2@gov.ae,2026-08-17
aws,arn:aws:iam::111122223333:user/noah.al.mansoori,noah.almansoori@gov.ae,2026-09-06
gcp,user:noah.almansoori@gov.ae,noah.almansoori@gov.ae,2026-09-06
azure,saeed.smith@gov.ae,saeed.smith@gov.ae,2026-07-24
gcp,user:saeed.smith@gov.ae,saeed.smith@gov.ae,2026-07-24
aws,arn:aws:iam::111122223333:user/faisal.kamal,faisal.kamal@gov.ae,2026-04-26
gcp,user:faisal.kamal@gov.ae,faisal.kamal@gov.ae,2026-04-26
aws,arn:aws:iam::111122223333:user/majid.silva,majid.silva@gov.ae,2026-03-03
azure,majid.silva@gov.ae,majid.silva@gov.ae,2026-03-03
gcp,user:majid.silva@gov.ae,majid.silva@gov.ae,2026-03-03
aws,arn:aws:iam::111122223333:user/sofia.al.suwaidi,sofia.alsuwaidi@gov.ae,2026-06-25
azure,sofia.alsuwaidi@gov.ae,sofia.alsuwaidi@gov.ae,2026-06-25
gcp,user:sofia.alsuwaidi@gov.ae,sofia.alsuwaidi@gov.ae,2026-06-25
aws,arn:aws:iam::111122223333:user/hana.kumar,hana.kumar@gov.ae,2026-07-05
azure,hana.kumar@gov.ae,hana.kumar@gov.ae,2026-07-05
azure,noura.habib@gov.ae,noura.habib@gov.ae,2025-12-15
gcp,user:noura.habib@gov.ae,noura.habib@gov.ae,2025-12-15
gcp,user:emma.ibrahim@gov.ae,emma.ibrahim@gov.ae,2025-12-26
aws,arn:aws:iam::111122223333:user/priya.saleh,priya.saleh@gov.ae,2026-07-19
azure,priya.saleh@gov.ae,priya.saleh@gov.ae,2026-07-19
aws,arn:aws:iam::111122223333:user/khalid.patel,khalid.patel@gov.ae,2026-07-18
azure,khalid.patel@gov.ae,khalid.patel@gov.ae,2026-07-18
gcp,user:khalid.patel@gov.ae,khalid.patel@gov.ae,2026-07-18
aws,arn:aws:iam::111122223333:user/mariam.al.balushi,mariam.albalushi@gov.ae,2026-01-23
gcp,user:ahmad.saleh@gov.ae,ahmad.saleh@gov.ae,2025-11-17
aws,arn:aws:iam::111122223333:user/omar.sharma,omar.sharma@gov.ae,2026-07-04
gcp,user:omar.sharma@gov.ae,omar.sharma@gov.ae,2026-07-04
azure,tariq.haddad2@gov.ae,tariq.haddad2@gov.ae,2026-06-27
gcp,user:tariq.haddad2@gov.ae,tariq.haddad2@gov.ae,2026-06-27
azure,noura.habib2@gov.ae,noura.habib2@gov.ae,2026-09-08
gcp,user:noura.habib2@gov.ae,noura.habib2@gov.ae,2026-09-08
azure,hana.alsuwaidi@gov.ae,hana.alsuwaidi@gov.ae,2026-08-06
gcp,user:hana.alsuwaidi@gov.ae,hana.alsuwaidi@gov.ae,2026-08-06
gcp,user:arun.nassar@gov.ae,arun.nassar@gov.ae,2026-07-31
aws,arn:aws:iam::111122223333:user/latifa.haddad,latifa.haddad@gov.ae,2026-08-19
azure,latifa.haddad@gov.ae,latifa.haddad@gov.ae,2026-08-19
gcp,user:latifa.haddad@gov.ae,latifa.haddad@gov.ae,2026-08-19
aws,arn:aws:iam::111122223333:user/wei.al.nuaimi,wei.alnuaimi@gov.ae,2026-04-10
azure,wei.alnuaimi@gov.ae,wei.alnuaimi@gov.ae,2026-04-10
gcp,user:wei.alnuaimi@gov.ae,wei.alnuaimi@gov.ae,2026-04-10
aws,arn:aws:iam::111122223333:user/fatima.al.suwaidi,fatima.alsuwaidi@gov.ae,2026-05-27
gcp,user:fatima.alsuwaidi@gov.ae,fatima.alsuwaidi@gov.ae,2026-05-27
aws,arn:aws:iam::111122223333:user/fatima.patel,fatima.patel@gov.ae,2026-07-04
azure,fatima.patel@gov.ae,fatima.patel@gov.ae,2026-07-04
gcp,user:fatima.patel@gov.ae,fatima.patel@gov.ae,2026-07-04
aws,arn:aws:iam::111122223333:user/emma.smith,emma.smith2@gov.ae,2026-08-06
azure,emma.smith2@gov.ae,emma.smith2@gov.ae,2026-08-06
aws,arn:aws:iam::111122223333:user/shaikha.smith,shaikha.smith@gov.ae,2026-08-08
azure,shaikha.smith@gov.ae,shaikha.smith@gov.ae,2026-08-08
gcp,user:shaikha.smith@gov.ae,shaikha.smith@gov.ae,2026-08-08
aws,arn:aws:iam::111122223333:user/bilal.rahman,bilal.rahman@gov.ae,2026-08-08
azure,bilal.rahman@gov.ae,bilal.rahman@gov.ae,2026-08-08
gcp,user:bilal.rahman@gov.ae,bilal.rahman@gov.ae,2026-08-08
gcp,user:bilal.chen@gov.ae,bilal.chen@gov.ae,2026-08-15
aws,arn:aws:iam::111122223333:user/olivia.al.nuaimi,olivia.alnuaimi@gov.ae,2026-08-08
azure,olivia.alnuaimi@gov.ae,olivia.alnuaimi@gov.ae,2026-08-08
aws,arn:aws:iam::111122223333:user/latifa.silva,latifa.silva@gov.ae,2026-07-30
azure,latifa.silva@gov.ae,latifa.silva@gov.ae,2026-07-30
gcp,user:latifa.silva@gov.ae,latifa.silva@gov.ae,2026-07-30
aws,arn:aws:iam::111122223333:user/noah.osman,noah.osman@gov.ae,2025-11-15
azure,noah.osman@gov.ae,noah.osman@gov.ae,2025-11-15
gcp,user:noah.osman@gov.ae,noah.osman@gov.ae,2025-11-15
azure,sofia.smith@gov.ae,sofia.smith@gov.ae,2025-12-15
gcp,user:sofia.smith@gov.ae,sofia.smith@gov.ae,2025-12-15
azure,olivia.almansoori2@gov.ae,olivia.almansoori2@gov.ae,2026-07-27
azure,fatima.smith@gov.ae,fatima.smith@gov.ae,2026-08-04
aws,arn:aws:iam::111122223333:user/olivia.al.marri,olivia.almarri@gov.ae,2026-06-20
azure,olivia.almarri@gov.ae,olivia.almarri@gov.ae,2026-06-20
gcp,user:olivia.almarri@gov.ae,olivia.almarri@gov.ae,2026-06-20
aws,arn:aws:iam::111122223333:user/noura.osman,noura.osman@gov.ae,2026-08-06
azure,noura.osman@gov.ae,noura.osman@gov.ae,2026-08-06
gcp,user:noura.osman@gov.ae,noura.osman@gov.ae,2026-08-06
aws,arn:aws:iam::111122223333:user/faisal.aziz,faisal.aziz@gov.ae,2026-07-13
azure,faisal.aziz@gov.ae,faisal.aziz@gov.ae,2026-07-13
gcp,user:faisal.aziz@gov.ae,faisal.aziz@gov.ae,2026-07-13
aws,arn:aws:iam::111122223333:user/reem.osman,reem.osman@gov.ae,2026-08-02
azure,reem.osman@gov.ae,reem.osman@gov.ae,2026-08-02
aws,arn:aws:iam::111122223333:user/liam.wang,liam.wang@gov.ae,2026-08-07
aws,arn:aws:iam::111122223333:user/bilal.rahman,bilal.rahman2@gov.ae,2026-09-05
azure,bilal.rahman2@gov.ae,bilal.rahman2@gov.ae,2026-09-05
aws,arn:aws:iam::111122223333:user/huda.costa,huda.costa3@gov.ae,2026-08-18
azure,huda.costa3@gov.ae,huda.costa3@gov.ae,2026-08-18
aws,arn:aws:iam::111122223333:user/hana.osman,hana.osman@gov.ae,2026-06-20
gcp,user:hana.osman@gov.ae,hana.osman@gov.ae,2026-06-20
aws,arn:aws:iam::111122223333:user/noah.ibrahim,noah.ibrahim@gov.ae,2026-08-06
azure,noah.ibrahim@gov.ae,noah.ibrahim@gov.ae,2026-08-06
aws,arn:aws:iam::111122223333:user/reem.zaman,reem.zaman@gov.ae,2026-07-15
azure,reem.zaman@gov.ae,reem.zaman@gov.ae,2026-07-15
aws,arn:aws:iam::111122223333:user/nasser.wang,nasser.wang@gov.ae,2026-07-21
gcp,user:nasser.wang@gov.ae,nasser.wang@gov.ae,2026-07-21
azure,hana.kamal@gov.ae,hana.kamal@gov.ae,2026-07-02
gcp,user:hana.kamal@gov.ae,hana.kamal@gov.ae,2026-07-02
azure,khalid.silva@gov.ae,khalid.silva@gov.ae,2026-08-05
gcp,user:khalid.silva@gov.ae,khalid.silva@gov.ae,2026-08-05
aws,arn:aws:iam::111122223333:user/hana.saleh,hana.saleh2@gov.ae,2026-07-14
azure,hana.saleh2@gov.ae,hana.saleh2@gov.ae,2026-07-14
azure,latifa.smith@gov.ae,latifa.smith@gov.ae,2026-09-04
aws,arn:aws:iam::111122223333:user/noah.ibrahim,noah.ibrahim2@gov.ae,2026-09-07
azure,noah.ibrahim2@gov.ae,noah.ibrahim2@gov.ae,2026-09-07
gcp,user:noah.ibrahim2@gov.ae,noah.ibrahim2@gov.ae,2026-09-07
azure,noah.alnuaimi2@gov.ae,noah.alnuaimi2@gov.ae,2025-12-01
gcp,user:noah.alnuaimi2@gov.ae,noah.alnuaimi2@gov.ae,2025-12-01
aws,arn:aws:iam::111122223333:user/tariq.wang,tariq.wang@gov.ae,2026-03-27
azure,tariq.wang@gov.ae,tariq.wang@gov.ae,2026-03-27
gcp,user:tariq.wang@gov.ae,tariq.wang@gov.ae,2026-03-27
aws,arn:aws:iam::111122223333:user/khalid.osman,khalid.osman@gov.ae,2025-12-29
azure,khalid.osman@gov.ae,khalid.osman@gov.ae,2025-12-29
gcp,user:khalid.osman@gov.ae,khalid.osman@gov.ae,2025-12-29
gcp,user:nasser.kumar@gov.ae,nasser.kumar@gov.ae,2026-07-14
aws,arn:aws:iam::111122223333:user/hana.sharma,hana.sharma@gov.ae,2026-07-08
azure,hana.sharma@gov.ae,hana.sharma@gov.ae,2026-07-08
gcp,user:layla.albalushi@gov.ae,layla.albalushi@gov.ae,2026-02-18
aws,arn:aws:iam::111122223333:user/reem.kamal,reem.kamal@gov.ae,2026-08-06
azure,reem.kamal@gov.ae,reem.kamal@gov.ae,2026-08-06
aws,arn:aws:iam::111122223333:user/majid.osman,majid.osman@gov.ae,2026-07-07
azure,majid.osman@gov.ae,majid.osman@gov.ae,2026-07-07
gcp,user:majid.osman@gov.ae,majid.osman@gov.ae,2026-07-07
aws,arn:aws:iam::111122223333:user/noah.al.balushi,noah.albalushi@gov.ae,2026-04-17
azure,noah.albalushi@gov.ae,noah.albalushi@gov.ae,2026-04-17
gcp,user:noah.albalushi@gov.ae,noah.albalushi@gov.ae,2026-04-17
aws,arn:aws:iam::111122223333:user/huda.smith,huda.smith@gov.ae,2026-08-29
gcp,user:huda.smith@gov.ae,huda.smith@gov.ae,2026-08-29
aws,arn:aws:iam::111122223333:user/huda.khan,huda.khan@gov.ae,2026-04-11
azure,huda.khan@gov.ae,huda.khan@gov.ae,2026-04-11
gcp,user:huda.khan@gov.ae,huda.khan@gov.ae,2026-04-11
aws,arn:aws:iam::111122223333:user/zayed.zaman,zayed.zaman@gov.ae,2026-07-12
azure,zayed.zaman@gov.ae,zayed.zaman@gov.ae,2026-07-12
gcp,user:zayed.zaman@gov.ae,zayed.zaman@gov.ae,2026-07-12
gcp,user:latifa.haddad2@gov.ae,latifa.haddad2@gov.ae,2026-07-13
aws,arn:aws:iam::111122223333:user/sofia.costa,sofia.costa2@gov.ae,2026-03-20
azure,sofia.costa2@gov.ae,sofia.costa2@gov.ae,2026-03-20
gcp,user:sofia.costa2@gov.ae,sofia.costa2@gov.ae,2026-03-20
aws,arn:aws:iam::111122223333:user/sultan.sharma,sultan.sharma@gov.ae,2026-06-26
azure,sultan.sharma@gov.ae,sultan.sharma@gov.ae,2026-06-26
aws,arn:aws:iam::111122223333:user/saeed.smith,saeed.smith2@gov.ae,2026-06-27
azure,saeed.smith2@gov.ae,saeed.smith2@gov.ae,2026-06-27
azure,huda.kumar@gov.ae,huda.kumar@gov.ae,2026-08-24
aws,arn:aws:iam::111122223333:user/mariam.nassar,mariam.nassar@gov.ae,2026-06-28
gcp,user:mariam.nassar@gov.ae,mariam.nassar@gov.ae,2026-06-28
azure,saeed.kumar2@gov.ae,saeed.kumar2@gov.ae,2026-06-24
gcp,user:saeed.kumar2@gov.ae,saeed.kumar2@gov.ae,2026-06-24
azure,liam.haddad@gov.ae,liam.haddad@gov.ae,2026-06-30
gcp,user:liam.haddad@gov.ae,liam.haddad@gov.ae,2026-06-30
aws,arn:aws:iam::111122223333:user/faisal.wang,faisal.wang@gov.ae,2026-08-14
gcp,user:faisal.wang@gov.ae,faisal.wang@gov.ae,2026-08-14
azure,hana.patel@gov.ae,hana.patel@gov.ae,2026-06-27
azure,olivia.farah@gov.ae,olivia.farah@gov.ae,2026-07-31
gcp,user:olivia.farah@gov.ae,olivia.farah@gov.ae,2026-07-31
aws,arn:aws:iam::111122223333:user/noah.al.hashimi,noah.alhashimi@gov.ae,2026-08-29
azure,noah.alhashimi@gov.ae,noah.alhashimi@gov.ae,2026-08-29
aws,arn:aws:iam::111122223333:user/priya.ibrahim,priya.ibrahim@gov.ae,2026-07-28
azure,priya.ibrahim@gov.ae,priya.ibrahim@gov.ae,2026-07-28
aws,arn:aws:iam::111122223333:user/fatima.qureshi,fatima.qureshi@gov.ae,2026-07-03
azure,fatima.qureshi@gov.ae,fatima.qureshi@gov.ae,2026-07-03
gcp,user:fatima.qureshi@gov.ae,fatima.qureshi@gov.ae,2026-07-03
aws,arn:aws:iam::111122223333:user/yousef.smith,yousef.smith@gov.ae,2026-07-24
azure,yousef.smith@gov.ae,yousef.smith@gov.ae,2026-07-24
gcp,user:yousef.smith@gov.ae,yousef.smith@gov.ae,2026-07-24
aws,arn:aws:iam::111122223333:user/bilal.al.hashimi,bilal.alhashimi@gov.ae,2026-08-27
azure,bilal.alhashimi@gov.ae,bilal.alhashimi@gov.ae,2026-08-27
gcp,user:bilal.alhashimi@gov.ae,bilal.alhashimi@gov.ae,2026-08-27
aws,arn:aws:iam::111122223333:user/noura.al.hashimi,noura.alhashimi@gov.ae,2026-09-06
azure,noura.alhashimi@gov.ae,noura.alhashimi@gov.ae,2026-09-06
gcp,user:noura.alhashimi@gov.ae,noura.alhashimi@gov.ae,2026-09-06
aws,arn:aws:iam::111122223333:user/wafa.farah,wafa.farah@gov.ae,2026-08-22
azure,wafa.farah@gov.ae,wafa.farah@gov.ae,2026-08-22
gcp,user:wafa.farah@gov.ae,wafa.farah@gov.ae,2026-08-22
aws,arn:aws:iam::111122223333:user/khalid.costa,khalid.costa@gov.ae,2026-06-26
aws,arn:aws:iam::111122223333:user/maha.khan,maha.khan@gov.ae,2026-08-21
azure,maha.khan@gov.ae,maha.khan@gov.ae,2026-08-21
gcp,user:maha.khan@gov.ae,maha.khan@gov.ae,2026-08-21
aws,arn:aws:iam::111122223333:user/maha.al.hashimi,maha.alhashimi@gov.ae,2026-08-04
azure,maha.alhashimi@gov.ae,maha.alhashimi@gov.ae,2026-08-04
gcp,user:maha.alhashimi@gov.ae,maha.alhashimi@gov.ae,2026-08-04
aws,arn:aws:iam::111122223333:user/aisha.ibrahim,aisha.ibrahim@gov.ae,2026-06-23
azure,aisha.ibrahim@gov.ae,aisha.ibrahim@gov.ae,2026-06-23
aws,arn:aws:iam::111122223333:user/wafa.al.suwaidi,wafa.alsuwaidi@gov.ae,2026-09-07
azure,wafa.alsuwaidi@gov.ae,wafa.alsuwaidi@gov.ae,2026-09-07
aws,arn:aws:iam::111122223333:user/aisha.kumar,aisha.kumar@gov.ae,2026-07-16
azure,aisha.kumar@gov.ae,aisha.kumar@gov.ae,2026-07-16
gcp,user:aisha.kumar@gov.ae,aisha.kumar@gov.ae,2026-07-16
aws,arn:aws:iam::111122223333:user/arun.khan,arun.khan@gov.ae,2026-06-20
azure,arun.khan@gov.ae,arun.khan@gov.ae,2026-06-20
gcp,user:arun.khan@gov.ae,arun.khan@gov.ae,2026-06-20
aws,arn:aws:iam::111122223333:user/priya.khan,priya.khan@gov.ae,2026-08-21
gcp,user:priya.khan@gov.ae,priya.khan@gov.ae,2026-08-21
aws,arn:aws:iam::111122223333:user/wei.al.marri,wei.almarri@gov.ae,2026-07-13
azure,wei.almarri@gov.ae,wei.almarri@gov.ae,2026-07-13
gcp,user:wei.almarri@gov.ae,wei.almarri@gov.ae,2026-07-13
azure,noah.haddad@gov.ae,noah.haddad@gov.ae,2026-08-29
gcp,user:noah.haddad@gov.ae,noah.haddad@gov.ae,2026-08-29
aws,arn:aws:iam::111122223333:user/ahmad.farah,ahmad.farah@gov.ae,2025-12-05
azure,ahmad.farah@gov.ae,ahmad.farah@gov.ae,2025-12-05
gcp,user:ahmad.farah@gov.ae,ahmad.farah@gov.ae,2025-12-05
aws,arn:aws:iam::111122223333:user/majid.al.nuaimi,majid.alnuaimi2@gov.ae,2026-07-07
azure,majid.alnuaimi2@gov.ae,majid.alnuaimi2@gov.ae,2026-07-07
gcp,user:yousef.kamal@gov.ae,yousef.kamal@gov.ae,2026-01-16
aws,arn:aws:iam::111122223333:user/khalid.osman,khalid.osman2@gov.ae,2026-09-04
azure,emma.nassar@gov.ae,emma.nassar@gov.ae,2026-09-02
gcp,user:emma.nassar@gov.ae,emma.nassar@gov.ae,2026-09-02
aws,arn:aws:iam::111122223333:user/james.silva,james.silva@gov.ae,2026-07-29
azure,james.silva@gov.ae,james.silva@gov.ae,2026-07-29
azure,adel.alsuwaidi@gov.ae,adel.alsuwaidi@gov.ae,2026-07-03
gcp,user:saeed.haddad@gov.ae,saeed.haddad@gov.ae,2026-08-28
azure,nasser.ibrahim@gov.ae,nasser.ibrahim@gov.ae,2026-06-21
gcp,user:nasser.ibrahim@gov.ae,nasser.ibrahim@gov.ae,2026-06-21
aws,arn:aws:iam::111122223333:user/wei.saleh,wei.saleh@gov.ae,2025-12-27
gcp,user:wei.saleh@gov.ae,wei.saleh@gov.ae,2025-12-27
gcp,user:olivia.wang@gov.ae,olivia.wang@gov.ae,2026-08-14
gcp,user:dana.costa@gov.ae,dana.costa@gov.ae,2026-09-08
gcp,user:shaikha.rahman2@gov.ae,shaikha.rahman2@gov.ae,2026-09-05
azure,james.alsuwaidi@gov.ae,james.alsuwaidi@gov.ae,2026-07-10
gcp,user:james.alsuwaidi@gov.ae,james.alsuwaidi@gov.ae,2026-07-10
aws,arn:aws:iam::111122223333:user/khalid.wang,khalid.wang@gov.ae,2026-07-30
azure,khalid.wang@gov.ae,khalid.wang@gov.ae,2026-07-30
gcp,user:khalid.wang@gov.ae,khalid.wang@gov.ae,2026-07-30
aws,arn:aws:iam::111122223333:user/priya.habib,priya.habib@gov.ae,2026-07-31
azure,priya.habib@gov.ae,priya.habib@gov.ae,2026-07-31
gcp,user:priya.habib@gov.ae,priya.habib@gov.ae,2026-07-31
aws,arn:aws:iam::111122223333:user/sultan.silva,sultan.silva@gov.ae,2026-08-14
azure,sultan.silva@gov.ae,sultan.silva@gov.ae,2026-08-14
aws,arn:aws:iam::111122223333:user/wei.nassar,wei.nassar@gov.ae,2026-07-12
gcp,user:wei.nassar@gov.ae,wei.nassar@gov.ae,2026-07-12
aws,arn:aws:iam::111122223333:user/hana.johnson,hana.johnson@gov.ae,2026-07-31
aws,arn:aws:iam::111122223333:user/olivia.farah,olivia.farah2@gov.ae,2026-08-04
azure,olivia.farah2@gov.ae,olivia.farah2@gov.ae,2026-08-04
gcp,user:shaikha.silva@gov.ae,shaikha.silva@gov.ae,2026-08-13
azure,olivia.almarri2@gov.ae,olivia.almarri2@gov.ae,2026-08-18
gcp,user:olivia.almarri2@gov.ae,olivia.almarri2@gov.ae,2026-08-18
aws,arn:aws:iam::111122223333:user/layla.haddad,layla.haddad@gov.ae,2026-05-23
gcp,user:layla.haddad@gov.ae,layla.haddad@gov.ae,2026-05-23
aws,arn:aws:iam::111122223333:user/layla.silva,layla.silva@gov.ae,2026-06-25
azure,layla.silva@gov.ae,layla.silva@gov.ae,2026-06-25
aws,arn:aws:iam::111122223333:user/hana.wang,hana.wang@gov.ae,2026-07-11
azure,hana.wang@gov.ae,hana.wang@gov.ae,2026-07-11
gcp,user:hana.wang@gov.ae,hana.wang@gov.ae,2026-07-11
aws,arn:aws:iam::111122223333:user/zayed.saleh,zayed.saleh@gov.ae,2026-07-11
azure,zayed.saleh@gov.ae,zayed.saleh@gov.ae,2026-07-11
aws,arn:aws:iam::111122223333:user/nasser.patel,nasser.patel2@gov.ae,2026-06-25
azure,nasser.patel2@gov.ae,nasser.patel2@gov.ae,2026-06-25
gcp,user:nasser.patel2@gov.ae,nasser.patel2@gov.ae,2026-06-25
azure,rashid.patel@gov.ae,rashid.patel@gov.ae,2026-08-17
gcp,user:rashid.patel@gov.ae,rashid.patel@gov.ae,2026-08-17
aws,arn:aws:iam::111122223333:user/shaikha.kamal,shaikha.kamal@gov.ae,2026-06-24
azure,shaikha.kamal@gov.ae,shaikha.kamal@gov.ae,2026-06-24
gcp,user:shaikha.kamal@gov.ae,shaikha.kamal@gov.ae,2026-06-24
azure,liam.alhashimi@gov.ae,liam.alhashimi@gov.ae,2026-07-13
gcp,user:liam.alhashimi@gov.ae,liam.alhashimi@gov.ae,2026-07-13
aws,arn:aws:iam::111122223333:user/priya.kamal,priya.kamal@gov.ae,2026-09-01
azure,priya.kamal@gov.ae,priya.kamal@gov.ae,2026-09-01
gcp,user:priya.kamal@gov.ae,priya.kamal@gov.ae,2026-09-01
azure,latifa.qureshi@gov.ae,latifa.qureshi@gov.ae,2026-07-22
gcp,user:latifa.qureshi@gov.ae,latifa.qureshi@gov.ae,2026-07-22
azure,saeed.patel@gov.ae,saeed.patel@gov.ae,2026-07-24
gcp,user:saeed.patel@gov.ae,saeed.patel@gov.ae,2026-07-24
aws,arn:aws:iam::111122223333:user/sofia.wang,sofia.wang@gov.ae,2026-07-08
aws,arn:aws:iam::111122223333:user/tariq.aziz,tariq.aziz@gov.ae,2026-06-30
azure,tariq.aziz@gov.ae,tariq.aziz@gov.ae,2026-06-30
gcp,user:tariq.aziz@gov.ae,tariq.aziz@gov.ae,2026-06-30
gcp,user:latifa.silva2@gov.ae,latifa.silva2@gov.ae,2026-09-04
aws,arn:aws:iam::111122223333:user/nasser.zaman,nasser.zaman@gov.ae,2026-07-03
gcp,user:nasser.zaman@gov.ae,nasser.zaman@gov.ae,2026-07-03
aws,arn:aws:iam::111122223333:user/faisal.al.hashimi,faisal.alhashimi@gov.ae,2025-06-21
gcp,user:faisal.alhashimi@gov.ae,faisal.alhashimi@gov.ae,2025-06-21
azure,mei.osman@gov.ae,mei.osman@gov.ae,2026-03-10
gcp,user:mei.osman@gov.ae,mei.osman@gov.ae,2026-03-10
azure,priya.ibrahim2@gov.ae,priya.ibrahim2@gov.ae,2025-12-10
aws,arn:aws:iam::111122223333:user/tariq.rahman,tariq.rahman@gov.ae,2026-01-27
azure,tariq.rahman@gov.ae,tariq.rahman@gov.ae,2026-01-27
gcp,user:tariq.rahman@gov.ae,tariq.rahman@gov.ae,2026-01-27
aws,arn:aws:iam::111122223333:user/liam.khan,liam.khan@gov.ae,2026-08-17
gcp,user:liam.khan@gov.ae,liam.khan@gov.ae,2026-08-17
aws,arn:aws:iam::111122223333:user/hana.sharma,hana.sharma2@gov.ae,2026-08-20
azure,hana.sharma2@gov.ae,hana.sharma2@gov.ae,2026-08-20
gcp,user:hana.sharma2@gov.ae,hana.sharma2@gov.ae,2026-08-20
aws,arn:aws:iam::111122223333:user/wei.al.mansoori,wei.almansoori@gov.ae,2026-07-10
gcp,user:wei.almansoori@gov.ae,wei.almansoori@gov.ae,2026-07-10
azure,wafa.patel@gov.ae,wafa.patel@gov.ae,2026-02-14
gcp,user:wafa.patel@gov.ae,wafa.patel@gov.ae,2026-02-14
azure,arun.smith@gov.ae,arun.smith@gov.ae,2026-08-27
gcp,user:arun.smith@gov.ae,arun.smith@gov.ae,2026-08-27
aws,arn:aws:iam::111122223333:user/hana.osman,hana.osman2@gov.ae,2026-09-07
gcp,user:hana.osman2@gov.ae,hana.osman2@gov.ae,2026-09-07
aws,arn:aws:iam::111122223333:user/amal.zaman,amal.zaman@gov.ae,2026-08-15
azure,amal.zaman@gov.ae,amal.zaman@gov.ae,2026-08-15
gcp,user:amal.zaman@gov.ae,amal.zaman@gov.ae,2026-08-15
aws,arn:aws:iam::111122223333:user/wafa.osman,wafa.osman@gov.ae,2026-08-07
azure,wafa.osman@gov.ae,wafa.osman@gov.ae,2026-08-07
gcp,user:wafa.osman@gov.ae,wafa.osman@gov.ae,2026-08-07
aws,arn:aws:iam::111122223333:user/mariam.qureshi,mariam.qureshi@gov.ae,2026-08-06
azure,mariam.qureshi@gov.ae,mariam.qureshi@gov.ae,2026-08-06
aws,arn:aws:iam::111122223333:user/olivia.kumar,olivia.kumar@gov.ae,2026-08-26
azure,olivia.kumar@gov.ae,olivia.kumar@gov.ae,2026-08-26
aws,arn:aws:iam::111122223333:user/hamdan.rahman,hamdan.rahman@gov.ae,2026-09-08
azure,hamdan.rahman@gov.ae,hamdan.rahman@gov.ae,2026-09-08
azure,adel.alhashimi@gov.ae,adel.alhashimi@gov.ae,2026-08-31
gcp,user:adel.alhashimi@gov.ae,adel.alhashimi@gov.ae,2026-08-31
aws,arn:aws:iam::111122223333:user/layla.al.nuaimi,layla.alnuaimi@gov.ae,2025-12-22
azure,layla.alnuaimi@gov.ae,layla.alnuaimi@gov.ae,2025-12-22
gcp,user:layla.alnuaimi@gov.ae,layla.alnuaimi@gov.ae,2025-12-22
azure,emma.qureshi@gov.ae,emma.qureshi@gov.ae,2026-07-21
gcp,user:emma.qureshi@gov.ae,emma.qureshi@gov.ae,2026-07-21
aws,arn:aws:iam::111122223333:user/bilal.patel,bilal.patel@gov.ae,2026-08-09
gcp,user:bilal.patel@gov.ae,bilal.patel@gov.ae,2026-08-09
aws,arn:aws:iam::111122223333:user/dana.al.suwaidi,dana.alsuwaidi@gov.ae,2026-09-03
azure,dana.alsuwaidi@gov.ae,dana.alsuwaidi@gov.ae,2026-09-03
gcp,user:dana.alsuwaidi@gov.ae,dana.alsuwaidi@gov.ae,2026-09-03
aws,arn:aws:iam::111122223333:user/faisal.haddad,faisal.haddad@gov.ae,2025-12-08
azure,faisal.haddad@gov.ae,faisal.haddad@gov.ae,2025-12-08
gcp,user:faisal.haddad@gov.ae,faisal.haddad@gov.ae,2025-12-08
aws,arn:aws:iam::111122223333:user/priya.johnson,priya.johnson@gov.ae,2026-08-11
azure,priya.johnson@gov.ae,priya.johnson@gov.ae,2026-08-11
gcp,user:priya.johnson@gov.ae,priya.johnson@gov.ae,2026-08-11
aws,arn:aws:iam::111122223333:user/latifa.al.mansoori,latifa.almansoori@gov.ae,2026-03-27
azure,latifa.almansoori@gov.ae,latifa.almansoori@gov.ae,2026-03-27
gcp,user:latifa.almansoori@gov.ae,latifa.almansoori@gov.ae,2026-03-27
gcp,user:olivia.ibrahim@gov.ae,olivia.ibrahim@gov.ae,2026-08-19
aws,arn:aws:iam::111122223333:user/emma.al.suwaidi,emma.alsuwaidi@gov.ae,2026-06-25
aws,arn:aws:iam::111122223333:user/huda.al.balushi,huda.albalushi@gov.ae,2026-03-28
gcp,user:huda.albalushi@gov.ae,huda.albalushi@gov.ae,2026-03-28
aws,arn:aws:iam::111122223333:user/tariq.al.mansoori,tariq.almansoori@gov.ae,2026-08-01
gcp,user:tariq.almansoori@gov.ae,tariq.almansoori@gov.ae,2026-08-01
aws,arn:aws:iam::111122223333:user/noah.costa,noah.costa@gov.ae,2026-08-13
azure,noah.costa@gov.ae,noah.costa@gov.ae,2026-08-13
gcp,user:noah.costa@gov.ae,noah.costa@gov.ae,2026-08-13
aws,arn:aws:iam::111122223333:user/saeed.qureshi,saeed.qureshi@gov.ae,2026-06-22
azure,saeed.qureshi@gov.ae,saeed.qureshi@gov.ae,2026-06-22
aws,arn:aws:iam::111122223333:user/mei.kumar,mei.kumar@gov.ae,2026-06-25
gcp,user:mei.kumar@gov.ae,mei.kumar@gov.ae,2026-06-25
aws,arn:aws:iam::111122223333:user/maha.johnson,maha.johnson@gov.ae,2026-08-14
aws,arn:aws:iam::111122223333:user/adel.sharma,adel.sharma2@gov.ae,2026-07-12
azure,adel.sharma2@gov.ae,adel.sharma2@gov.ae,2026-07-12
aws,arn:aws:iam::111122223333:user/hamdan.farah,hamdan.farah2@gov.ae,2026-09-01
azure,hamdan.farah2@gov.ae,hamdan.farah2@gov.ae,2026-09-01
gcp,user:hamdan.farah2@gov.ae,hamdan.farah2@gov.ae,2026-09-01
aws,arn:aws:iam::111122223333:user/faisal.patel,faisal.patel@gov.ae,2026-08-10
gcp,user:faisal.patel@gov.ae,faisal.patel@gov.ae,2026-08-10
aws,arn:aws:iam::111122223333:user/hamdan.kumar,hamdan.kumar@gov.ae,2026-08-08
azure,hamdan.kumar@gov.ae,hamdan.kumar@gov.ae,2026-08-08
gcp,user:hamdan.kumar@gov.ae,hamdan.kumar@gov.ae,2026-08-08
azure,james.silva2@gov.ae,james.silva2@gov.ae,2026-08-27
aws,arn:aws:iam::111122223333:user/emma.silva,emma.silva2@gov.ae,2026-08-09
azure,emma.silva2@gov.ae,emma.silva2@gov.ae,2026-08-09
aws,arn:aws:iam::111122223333:user/adel.aziz,adel.aziz@gov.ae,2026-07-23
azure,adel.aziz@gov.ae,adel.aziz@gov.ae,2026-07-23
azure,adel.farah@gov.ae,adel.farah@gov.ae,2026-07-01
gcp,user:adel.farah@gov.ae,adel.farah@gov.ae,2026-07-01
aws,arn:aws:iam::111122223333:user/maha.sharma,maha.sharma2@gov.ae,2026-03-04
azure,maha.sharma2@gov.ae,maha.sharma2@gov.ae,2026-03-04
gcp,user:maha.sharma2@gov.ae,maha.sharma2@gov.ae,2026-03-04
aws,arn:aws:iam::111122223333:user/fatima.rahman,fatima.rahman@gov.ae,2026-06-26
gcp,user:fatima.rahman@gov.ae,fatima.rahman@gov.ae,2026-06-26
azure,hana.almansoori@gov.ae,hana.almansoori@gov.ae,2026-08-04
gcp,user:hana.almansoori@gov.ae,hana.almansoori@gov.ae,2026-08-04
azure,saeed.patel2@gov.ae,saeed.patel2@gov.ae,2026-08-31
gcp,user:saeed.patel2@gov.ae,saeed.patel2@gov.ae,2026-08-31
aws,arn:aws:iam::111122223333:user/fatima.haddad,fatima.haddad@gov.ae,2026-04-29
azure,fatima.haddad@gov.ae,fatima.haddad@gov.ae,2026-04-29
gcp,user:fatima.haddad@gov.ae,fatima.haddad@gov.ae,2026-04-29
aws,arn:aws:iam::111122223333:user/wei.aziz,wei.aziz2@gov.ae,2025-11-12
azure,wei.aziz2@gov.ae,wei.aziz2@gov.ae,2025-11-12
aws,arn:aws:iam::111122223333:user/huda.al.hashimi,huda.alhashimi@gov.ae,2026-03-31
azure,huda.alhashimi@gov.ae,huda.alhashimi@gov.ae,2026-03-31
aws,arn:aws:iam::111122223333:user/mei.osman,mei.osman2@gov.ae,2026-08-16
gcp,user:mei.osman2@gov.ae,mei.osman2@gov.ae,2026-08-16
aws,arn:aws:iam::111122223333:user/noah.al.marri,noah.almarri2@gov.ae,2026-07-14
azure,noah.almarri2@gov.ae,noah.almarri2@gov.ae,2026-07-14
azure,shaikha.almarri@gov.ae,shaikha.almarri@gov.ae,2026-07-02
gcp,user:shaikha.almarri@gov.ae,shaikha.almarri@gov.ae,2026-07-02
aws,arn:aws:iam::111122223333:user/layla.johnson,layla.johnson@gov.ae,2026-07-10
azure,layla.johnson@gov.ae,layla.johnson@gov.ae,2026-07-10
gcp,user:layla.johnson@gov.ae,layla.johnson@gov.ae,2026-07-10
aws,arn:aws:iam::111122223333:user/emma.habib,emma.habib@gov.ae,2026-05-22
azure,emma.habib@gov.ae,emma.habib@gov.ae,2026-05-22
aws,arn:aws:iam::111122223333:user/fatima.ibrahim,fatima.ibrahim@gov.ae,2026-06-23
azure,fatima.ibrahim@gov.ae,fatima.ibrahim@gov.ae,2026-06-23
azure,fatima.farah@gov.ae,fatima.farah@gov.ae,2026-07-13
aws,arn:aws:iam::111122223333:user/khalid.patel,khalid.patel2@gov.ae,2026-08-22
azure,khalid.patel2@gov.ae,khalid.patel2@gov.ae,2026-08-22
gcp,user:khalid.patel2@gov.ae,khalid.patel2@gov.ae,2026-08-22
aws,arn:aws:iam::111122223333:user/omar.farah,omar.farah2@gov.ae,2026-06-28
azure,omar.farah2@gov.ae,omar.farah2@gov.ae,2026-06-28
gcp,user:omar.farah2@gov.ae,omar.farah2@gov.ae,2026-06-28
aws,arn:aws:iam::111122223333:user/wafa.chen,wafa.chen2@gov.ae,2026-07-10
aws,arn:aws:iam::111122223333:user/wafa.al.nuaimi,wafa.alnuaimi@gov.ae,2026-08-08
azure,wafa.alnuaimi@gov.ae,wafa.alnuaimi@gov.ae,2026-08-08
azure,nasser.nassar@gov.ae,nasser.nassar@gov.ae,2026-07-23
gcp,user:nasser.nassar@gov.ae,nasser.nassar@gov.ae,2026-07-23
aws,arn:aws:iam::111122223333:user/majid.al.nuaimi,majid.alnuaimi3@gov.ae,2026-03-28
azure,majid.alnuaimi3@gov.ae,majid.alnuaimi3@gov.ae,2026-03-28
gcp,user:majid.alnuaimi3@gov.ae,majid.alnuaimi3@gov.ae,2026-03-28
azure,dana.haddad@gov.ae,dana.haddad@gov.ae,2026-07-24
gcp,user:dana.haddad@gov.ae,dana.haddad@gov.ae,2026-07-24
aws,arn:aws:iam::111122223333:user/adel.ibrahim,adel.ibrahim@gov.ae,2026-08-15
azure,adel.ibrahim@gov.ae,adel.ibrahim@gov.ae,2026-08-15
gcp,user:adel.ibrahim@gov.ae,adel.ibrahim@gov.ae,2026-08-15
aws,arn:aws:iam::111122223333:user/sofia.farah,sofia.farah@gov.ae,2026-08-24
azure,sofia.farah@gov.ae,sofia.farah@gov.ae,2026-08-24
gcp,user:sofia.farah@gov.ae,sofia.farah@gov.ae,2026-08-24
aws,arn:aws:iam::111122223333:user/shaikha.al.suwaidi,shaikha.alsuwaidi@gov.ae,2026-07-15
azure,shaikha.alsuwaidi@gov.ae,shaikha.alsuwaidi@gov.ae,2026-07-15
gcp,user:shaikha.alsuwaidi@gov.ae,shaikha.alsuwaidi@gov.ae,2026-07-15
aws,arn:aws:iam::111122223333:user/faisal.rahman,faisal.rahman@gov.ae,2026-06-23
aws,arn:aws:iam::111122223333:user/adel.qureshi,adel.qureshi@gov.ae,2025-11-26
azure,adel.qureshi@gov.ae,adel.qureshi@gov.ae,2025-11-26
aws,arn:aws:iam::111122223333:user/adel.al.nuaimi,adel.alnuaimi@gov.ae,2025-11-24
azure,adel.alnuaimi@gov.ae,adel.alnuaimi@gov.ae,2025-11-24
gcp,user:adel.alnuaimi@gov.ae,adel.alnuaimi@gov.ae,2025-11-24
aws,arn:aws:iam::111122223333:user/aisha.al.suwaidi,aisha.alsuwaidi2@gov.ae,2026-08-25
azure,aisha.alsuwaidi2@gov.ae,aisha.alsuwaidi2@gov.ae,2026-08-25
gcp,user:aisha.alsuwaidi2@gov.ae,aisha.alsuwaidi2@gov.ae,2026-08-25
gcp,user:fatima.almansoori@gov.ae,fatima.almansoori@gov.ae,2026-07-14
aws,arn:aws:iam::111122223333:user/saeed.al.suwaidi,saeed.alsuwaidi@gov.ae,2026-07-10
azure,saeed.alsuwaidi@gov.ae,saeed.alsuwaidi@gov.ae,2026-07-10
aws,arn:aws:iam::111122223333:user/zayed.zaman,zayed.zaman2@gov.ae,2026-02-23
gcp,user:zayed.zaman2@gov.ae,zayed.zaman2@gov.ae,2026-02-23
aws,arn:aws:iam::111122223333:user/maha.farah,maha.farah2@gov.ae,2026-07-19
azure,maha.farah2@gov.ae,maha.farah2@gov.ae,2026-07-19
aws,arn:aws:iam::111122223333:user/emma.farah,emma.farah@gov.ae,2026-08-10
azure,emma.farah@gov.ae,emma.farah@gov.ae,2026-08-10
gcp,user:emma.farah@gov.ae,emma.farah@gov.ae,2026-08-10
aws,arn:aws:iam::111122223333:user/noura.al.marri,noura.almarri2@gov.ae,2026-07-07
gcp,user:noura.almarri2@gov.ae,noura.almarri2@gov.ae,2026-07-07
aws,arn:aws:iam::111122223333:user/noura.haddad,noura.haddad@gov.ae,2026-08-24
gcp,user:noura.haddad@gov.ae,noura.haddad@gov.ae,2026-08-24
gcp,user:faisal.chen@gov.ae,faisal.chen@gov.ae,2026-08-01
azure,yousef.osman@gov.ae,yousef.osman@gov.ae,2026-08-25
gcp,user:yousef.osman@gov.ae,yousef.osman@gov.ae,2026-08-25
azure,nasser.johnson2@gov.ae,nasser.johnson2@gov.ae,2026-07-25
gcp,user:nasser.johnson2@gov.ae,nasser.johnson2@gov.ae,2026-07-25
azure,faisal.nassar@gov.ae,faisal.nassar@gov.ae,2026-03-09
gcp,user:faisal.nassar@gov.ae,faisal.nassar@gov.ae,2026-03-09
aws,arn:aws:iam::111122223333:user/maha.aziz,maha.aziz@gov.ae,2026-04-23
azure,maha.aziz@gov.ae,maha.aziz@gov.ae,2026-04-23
gcp,user:maha.aziz@gov.ae,maha.aziz@gov.ae,2026-04-23
aws,arn:aws:iam::111122223333:user/saeed.sharma,saeed.sharma@gov.ae,2026-07-27
azure,saeed.sharma@gov.ae,saeed.sharma@gov.ae,2026-07-27
gcp,user:saeed.sharma@gov.ae,saeed.sharma@gov.ae,2026-07-27
aws,arn:aws:iam::111122223333:user/wafa.kumar,wafa.kumar@gov.ae,2026-08-27
azure,wafa.kumar@gov.ae,wafa.kumar@gov.ae,2026-08-27
gcp,user:wafa.kumar@gov.ae,wafa.kumar@gov.ae,2026-08-27
azure,huda.ibrahim@gov.ae,huda.ibrahim@gov.ae,2026-08-14
gcp,user:huda.ibrahim@gov.ae,huda.ibrahim@gov.ae,2026-08-14
gcp,user:arun.alsuwaidi@gov.ae,arun.alsuwaidi@gov.ae,2026-07-15
aws,arn:aws:iam::111122223333:user/adel.osman,adel.osman@gov.ae,2026-08-01
azure,adel.osman@gov.ae,adel.osman@gov.ae,2026-08-01
azure,priya.albalushi@gov.ae,priya.albalushi@gov.ae,2025-12-12
gcp,user:priya.albalushi@gov.ae,priya.albalushi@gov.ae,2025-12-12
azure,noura.aziz@gov.ae,noura.aziz@gov.ae,2026-07-15
azure,tariq.farah@gov.ae,tariq.farah@gov.ae,2026-08-17
aws,arn:aws:iam::111122223333:user/hamdan.smith,hamdan.smith@gov.ae,2026-08-28
azure,hamdan.smith@gov.ae,hamdan.smith@gov.ae,2026-08-28
aws,arn:aws:iam::111122223333:user/mei.habib,mei.habib@gov.ae,2026-07-21
azure,mei.habib@gov.ae,mei.habib@gov.ae,2026-07-21
gcp,user:mei.habib@gov.ae,mei.habib@gov.ae,2026-07-21
aws,arn:aws:iam::111122223333:user/priya.al.mansoori,priya.almansoori@gov.ae,2026-07-30
azure,priya.almansoori@gov.ae,priya.almansoori@gov.ae,2026-07-30
gcp,user:priya.almansoori@gov.ae,priya.almansoori@gov.ae,2026-07-30
aws,arn:aws:iam::111122223333:user/arun.al.nuaimi,arun.alnuaimi@gov.ae,2026-09-02
gcp,user:arun.alnuaimi@gov.ae,arun.alnuaimi@gov.ae,2026-09-02
aws,arn:aws:iam::111122223333:user/majid.smith,majid.smith@gov.ae,2026-02-25
azure,majid.smith@gov.ae,majid.smith@gov.ae,2026-02-25
aws,arn:aws:iam::111122223333:user/fatima.kamal,fatima.kamal@gov.ae,2026-07-18
azure,fatima.kamal@gov.ae,fatima.kamal@gov.ae,2026-07-18
azure,reem.kumar@gov.ae,reem.kumar@gov.ae,2026-06-30
gcp,user:reem.kumar@gov.ae,reem.kumar@gov.ae,2026-06-30
azure,aisha.albalushi@gov.ae,aisha.albalushi@gov.ae,2026-08-29
gcp,user:aisha.albalushi@gov.ae,aisha.albalushi@gov.ae,2026-08-29
aws,arn:aws:iam::111122223333:user/dana.qureshi,dana.qureshi@gov.ae,2026-01-05
azure,dana.qureshi@gov.ae,dana.qureshi@gov.ae,2026-01-05
gcp,user:dana.qureshi@gov.ae,dana.qureshi@gov.ae,2026-01-05
aws,arn:aws:iam::111122223333:user/sultan.ibrahim,sultan.ibrahim@gov.ae,2026-08-18
azure,sultan.ibrahim@gov.ae,sultan.ibrahim@gov.ae,2026-08-18
gcp,user:sultan.ibrahim@gov.ae,sultan.ibrahim@gov.ae,2026-08-18
azure,khalid.rahman@gov.ae,khalid.rahman@gov.ae,2026-07-12
gcp,user:khalid.rahman@gov.ae,khalid.rahman@gov.ae,2026-07-12
azure,reem.almansoori2@gov.ae,reem.almansoori2@gov.ae,2026-04-14
aws,arn:aws:iam::111122223333:user/reem.silva,reem.silva@gov.ae,2026-08-06
gcp,user:nasser.khan@gov.ae,nasser.khan@gov.ae,2026-08-29
azure,sofia.nassar@gov.ae,sofia.nassar@gov.ae,2026-08-12
gcp,user:sofia.nassar@gov.ae,sofia.nassar@gov.ae,2026-08-12
aws,arn:aws:iam::111122223333:user/reem.khan,reem.khan@gov.ae,2026-07-25
azure,reem.khan@gov.ae,reem.khan@gov.ae,2026-07-25
aws,arn:aws:iam::111122223333:user/sofia.qureshi,sofia.qureshi@gov.ae,2026-07-27
azure,sofia.qureshi@gov.ae,sofia.qureshi@gov.ae,2026-07-27
gcp,user:sofia.qureshi@gov.ae,sofia.qureshi@gov.ae,2026-07-27
azure,khalid.saleh@gov.ae,khalid.saleh@gov.ae,2026-08-06
gcp,user:khalid.saleh@gov.ae,khalid.saleh@gov.ae,2026-08-06
aws,arn:aws:iam::111122223333:user/latifa.farah,latifa.farah@gov.ae,2026-09-04
aws,arn:aws:iam::111122223333:user/hamdan.farah,hamdan.farah3@gov.ae,2026-06-29
azure,hamdan.farah3@gov.ae,hamdan.farah3@gov.ae,2026-06-29
aws,arn:aws:iam::111122223333:user/adel.patel,adel.patel@gov.ae,2026-06-26
azure,adel.patel@gov.ae,adel.patel@gov.ae,2026-06-26
gcp,user:adel.patel@gov.ae,adel.patel@gov.ae,2026-06-26
gcp,user:mei.alhashimi@gov.ae,mei.alhashimi@gov.ae,2026-03-02
aws,arn:aws:iam::111122223333:user/dana.habib,dana.habib@gov.ae,2026-07-09
azure,dana.habib@gov.ae,dana.habib@gov.ae,2026-07-09
aws,arn:aws:iam::111122223333:user/liam.ibrahim,liam.ibrahim2@gov.ae,2026-06-30
azure,liam.ibrahim2@gov.ae,liam.ibrahim2@gov.ae,2026-06-30
gcp,user:liam.ibrahim2@gov.ae,liam.ibrahim2@gov.ae,2026-06-30
azure,dana.kumar2@gov.ae,dana.kumar2@gov.ae,2026-08-20
aws,arn:aws:iam::111122223333:user/liam.al.mansoori,liam.almansoori@gov.ae,2026-07-23
azure,liam.almansoori@gov.ae,liam.almansoori@gov.ae,2026-07-23
aws,arn:aws:iam::111122223333:user/latifa.qureshi,latifa.qureshi2@gov.ae,2026-08-28
azure,latifa.qureshi2@gov.ae,latifa.qureshi2@gov.ae,2026-08-28
aws,arn:aws:iam::111122223333:user/liam.habib,liam.habib@gov.ae,2026-07-09
azure,liam.habib@gov.ae,liam.habib@gov.ae,2026-07-09
gcp,user:liam.habib@gov.ae,liam.habib@gov.ae,2026-07-09
aws,arn:aws:iam::111122223333:user/fatima.farah,fatima.farah2@gov.ae,2025-12-18
azure,fatima.farah2@gov.ae,fatima.farah2@gov.ae,2025-12-18
gcp,user:fatima.farah2@gov.ae,fatima.farah2@gov.ae,2025-12-18
azure,huda.kumar2@gov.ae,huda.kumar2@gov.ae,2026-06-25
gcp,user:huda.kumar2@gov.ae,huda.kumar2@gov.ae,2026-06-25
azure,priya.zaman@gov.ae,priya.zaman@gov.ae,2026-08-26
gcp,user:priya.zaman@gov.ae,priya.zaman@gov.ae,2026-08-26
azure,rashid.aziz@gov.ae,rashid.aziz@gov.ae,2026-06-23
aws,arn:aws:iam::111122223333:user/reem.al.nuaimi,reem.alnuaimi@gov.ae,2026-09-06
azure,reem.alnuaimi@gov.ae,reem.alnuaimi@gov.ae,2026-09-06
gcp,user:reem.alnuaimi@gov.ae,reem.alnuaimi@gov.ae,2026-09-06
aws,arn:aws:iam::111122223333:user/fatima.osman,fatima.osman@gov.ae,2026-09-06
azure,fatima.osman@gov.ae,fatima.osman@gov.ae,2026-09-06
aws,arn:aws:iam::111122223333:user/salma.saleh,salma.saleh@gov.ae,2026-07-20
azure,salma.saleh@gov.ae,salma.saleh@gov.ae,2026-07-20
gcp,user:salma.saleh@gov.ae,salma.saleh@gov.ae,2026-07-20
gcp,user:aisha.chen@gov.ae,aisha.chen@gov.ae,2026-07-08
azure,james.aziz@gov.ae,james.aziz@gov.ae,2025-12-22
gcp,user:james.aziz@gov.ae,james.aziz@gov.ae,2025-12-22
azure,noah.rahman@gov.ae,noah.rahman@gov.ae,2026-07-26
gcp,user:noah.rahman@gov.ae,noah.rahman@gov.ae,2026-07-26
aws,arn:aws:iam::111122223333:user/majid.qureshi,majid.qureshi@gov.ae,2026-08-28
azure,majid.qureshi@gov.ae,majid.qureshi@gov.ae,2026-08-28
gcp,user:majid.qureshi@gov.ae,majid.qureshi@gov.ae,2026-08-28
aws,arn:aws:iam::111122223333:user/olivia.nassar,olivia.nassar@gov.ae,2026-07-25
azure,olivia.nassar@gov.ae,olivia.nassar@gov.ae,2026-07-25
aws,arn:aws:iam::111122223333:user/faisal.chen,faisal.chen2@gov.ae,2026-07-27
azure,faisal.chen2@gov.ae,faisal.chen2@gov.ae,2026-07-27
gcp,user:faisal.chen2@gov.ae,faisal.chen2@gov.ae,2026-07-27
aws,arn:aws:iam::111122223333:user/james.farah,james.farah@gov.ae,2025-12-26
azure,james.farah@gov.ae,james.farah@gov.ae,2025-12-26
gcp,user:james.farah@gov.ae,james.farah@gov.ae,2025-12-26
aws,arn:aws:iam::111122223333:user/noura.zaman,noura.zaman@gov.ae,2026-09-08
azure,noura.zaman@gov.ae,noura.zaman@gov.ae,2026-09-08
azure,sultan.patel@gov.ae,sultan.patel@gov.ae,2026-08-20
gcp,user:sultan.patel@gov.ae,sultan.patel@gov.ae,2026-08-20
aws,arn:aws:iam::111122223333:user/mariam.farah,mariam.farah@gov.ae,2026-06-03
azure,mariam.farah@gov.ae,mariam.farah@gov.ae,2026-06-03
gcp,user:mariam.farah@gov.ae,mariam.farah@gov.ae,2026-06-03
aws,arn:aws:iam::111122223333:user/hamdan.costa,hamdan.costa@gov.ae,2026-06-30
azure,hamdan.costa@gov.ae,hamdan.costa@gov.ae,2026-06-30
gcp,user:hamdan.costa@gov.ae,hamdan.costa@gov.ae,2026-06-30
aws,arn:aws:iam::111122223333:user/amal.al.mansoori,amal.almansoori@gov.ae,2026-08-29
azure,amal.almansoori@gov.ae,amal.almansoori@gov.ae,2026-08-29
gcp,user:amal.almansoori@gov.ae,amal.almansoori@gov.ae,2026-08-29
aws,arn:aws:iam::111122223333:user/reem.al.nuaimi,reem.alnuaimi2@gov.ae,2026-07-01
gcp,user:reem.alnuaimi2@gov.ae,reem.alnuaimi2@gov.ae,2026-07-01
aws,arn:aws:iam::111122223333:user/khalid.saleh,khalid.saleh2@gov.ae,2026-08-24
azure,khalid.saleh2@gov.ae,khalid.saleh2@gov.ae,2026-08-24
gcp,user:khalid.saleh2@gov.ae,khalid.saleh2@gov.ae,2026-08-24
aws,arn:aws:iam::111122223333:user/saeed.al.marri,saeed.almarri@gov.ae,2026-08-15
azure,saeed.almarri@gov.ae,saeed.almarri@gov.ae,2026-08-15
gcp,user:saeed.almarri@gov.ae,saeed.almarri@gov.ae,2026-08-15
aws,arn:aws:iam::111122223333:user/james.kamal,james.kamal@gov.ae,2026-07-03
azure,james.kamal@gov.ae,james.kamal@gov.ae,2026-07-03
gcp,user:james.kamal@gov.ae,james.kamal@gov.ae,2026-07-03
aws,arn:aws:iam::111122223333:user/faisal.smith,faisal.smith@gov.ae,2026-07-08
azure,faisal.smith@gov.ae,faisal.smith@gov.ae,2026-07-08
aws,arn:aws:iam::111122223333:user/arun.sharma,arun.sharma2@gov.ae,2026-07-18
azure,arun.sharma2@gov.ae,arun.sharma2@gov.ae,2026-07-18
gcp,user:arun.sharma2@gov.ae,arun.sharma2@gov.ae,2026-07-18
aws,arn:aws:iam::111122223333:user/bilal.costa,bilal.costa@gov.ae,2026-07-31
gcp,user:bilal.costa@gov.ae,bilal.costa@gov.ae,2026-07-31
aws,arn:aws:iam::111122223333:user/latifa.kumar,latifa.kumar@gov.ae,2026-07-31
azure,latifa.kumar@gov.ae,latifa.kumar@gov.ae,2026-07-31
gcp,user:latifa.kumar@gov.ae,latifa.kumar@gov.ae,2026-07-31
aws,arn:aws:iam::111122223333:user/ahmad.nassar,ahmad.nassar2@gov.ae,2026-07-12
azure,ahmad.nassar2@gov.ae,ahmad.nassar2@gov.ae,2026-07-12
aws,arn:aws:iam::111122223333:user/wafa.smith,wafa.smith@gov.ae,2026-08-28
azure,wafa.smith@gov.ae,wafa.smith@gov.ae,2026-08-28
gcp,user:wafa.smith@gov.ae,wafa.smith@gov.ae,2026-08-28
aws,arn:aws:iam::111122223333:user/liam.osman,liam.osman@gov.ae,2026-08-08
azure,liam.osman@gov.ae,liam.osman@gov.ae,2026-08-08
aws,arn:aws:iam::111122223333:user/rashid.wang,rashid.wang@gov.ae,2026-01-21
azure,rashid.wang@gov.ae,rashid.wang@gov.ae,2026-01-21
aws,arn:aws:iam::111122223333:user/dana.kumar,dana.kumar3@gov.ae,2026-07-18
aws,arn:aws:iam::111122223333:user/mei.silva,mei.silva@gov.ae,2026-02-26
gcp,user:mei.silva@gov.ae,mei.silva@gov.ae,2026-02-26
aws,arn:aws:iam::111122223333:user/mariam.ibrahim,mariam.ibrahim2@gov.ae,2026-06-25
azure,mariam.ibrahim2@gov.ae,mariam.ibrahim2@gov.ae,2026-06-25
gcp,user:mariam.ibrahim2@gov.ae,mariam.ibrahim2@gov.ae,2026-06-25
aws,arn:aws:iam::111122223333:user/nasser.sharma,nasser.sharma@gov.ae,2026-09-06
azure,nasser.sharma@gov.ae,nasser.sharma@gov.ae,2026-09-06
gcp,user:amal.rahman@gov.ae,amal.rahman@gov.ae,2026-08-21
azure,majid.smith2@gov.ae,majid.smith2@gov.ae,2026-09-08
gcp,user:majid.smith2@gov.ae,majid.smith2@gov.ae,2026-09-08
azure,noura.osman2@gov.ae,noura.osman2@gov.ae,2026-07-26
gcp,user:noura.osman2@gov.ae,noura.osman2@gov.ae,2026-07-26
aws,arn:aws:iam::111122223333:user/huda.chen,huda.chen@gov.ae,2026-06-29
gcp,user:huda.chen@gov.ae,huda.chen@gov.ae,2026-06-29
aws,arn:aws:iam::111122223333:user/mei.sharma,mei.sharma@gov.ae,2026-07-29
azure,mei.sharma@gov.ae,mei.sharma@gov.ae,2026-07-29
gcp,user:mei.sharma@gov.ae,mei.sharma@gov.ae,2026-07-29
gcp,user:wafa.wang@gov.ae,wafa.wang@gov.ae,2026-07-20
azure,noah.kumar@gov.ae,noah.kumar@gov.ae,2026-03-01
gcp,user:noah.kumar@gov.ae,noah.kumar@gov.ae,2026-03-01
aws,arn:aws:iam::111122223333:user/wei.silva,wei.silva@gov.ae,2025-11-27
azure,wei.silva@gov.ae,wei.silva@gov.ae,2025-11-27
aws,arn:aws:iam::111122223333:user/maha.al.suwaidi,maha.alsuwaidi@gov.ae,2026-01-30
azure,maha.alsuwaidi@gov.ae,maha.alsuwaidi@gov.ae,2026-01-30
gcp,user:maha.alsuwaidi@gov.ae,maha.alsuwaidi@gov.ae,2026-01-30
aws,arn:aws:iam::111122223333:user/hamdan.zaman,hamdan.zaman@gov.ae,2026-08-04
gcp,user:hamdan.zaman@gov.ae,hamdan.zaman@gov.ae,2026-08-04
azure,emma.osman2@gov.ae,emma.osman2@gov.ae,2026-09-02
gcp,user:emma.osman2@gov.ae,emma.osman2@gov.ae,2026-09-02
aws,arn:aws:iam::111122223333:user/mariam.aziz,mariam.aziz@gov.ae,2026-07-17
gcp,user:mariam.aziz@gov.ae,mariam.aziz@gov.ae,2026-07-17
aws,arn:aws:iam::111122223333:user/liam.saleh,liam.saleh@gov.ae,2026-07-28
azure,liam.saleh@gov.ae,liam.saleh@gov.ae,2026-07-28
gcp,user:liam.saleh@gov.ae,liam.saleh@gov.ae,2026-07-28
aws,arn:aws:iam::111122223333:role/svc-billing-sync-000,svc-billing-sync-000@service.gov.ae,2026-07-28
azure,svc-billing-sync-000@service.gov.ae,svc-billing-sync-000@service.gov.ae,2026-07-28
aws,arn:aws:iam::111122223333:role/svc-backup-001,svc-backup-001@service.gov.ae,2026-08-31
gcp,serviceAccount:svc-backup-001@gov-gcp-prod.iam.gserviceaccount.com,svc-backup-001@service.gov.ae,2026-08-31
aws,arn:aws:iam::111122223333:role/svc-billing-sync-002,svc-billing-sync-002@service.gov.ae,2026-06-29
azure,svc-billing-sync-002@service.gov.ae,svc-billing-sync-002@service.gov.ae,2026-06-29
azure,svc-backup-003@service.gov.ae,svc-backup-003@service.gov.ae,2026-07-27
gcp,serviceAccount:svc-backup-003@gov-gcp-prod.iam.gserviceaccount.com,svc-backup-003@service.gov.ae,2026-07-27
aws,arn:aws:iam::111122223333:role/svc-monitoring-004,svc-monitoring-004@service.gov.ae,2026-06-21
azure,svc-monitoring-004@service.gov.ae,svc-monitoring-004@service.gov.ae,2026-06-21
gcp,serviceAccount:svc-monitoring-004@gov-gcp-prod.iam.gserviceaccount.com,svc-monitoring-004@service.gov.ae,2026-06-21
azure,svc-etl-005@service.gov.ae,svc-etl-005@service.gov.ae,2025-11-17
gcp,serviceAccount:svc-etl-005@gov-gcp-prod.iam.gserviceaccount.com,svc-etl-005@service.gov.ae,2025-11-17
aws,arn:aws:iam::111122223333:role/svc-vm-agent-006,svc-vm-agent-006@service.gov.ae,2026-01-10
gcp,serviceAccount:svc-vm-agent-006@gov-gcp-prod.iam.gserviceaccount.com,svc-vm-agent-006@service.gov.ae,2026-01-10
aws,arn:aws:iam::111122223333:role/svc-etl-007,svc-etl-007@service.gov.ae,2026-08-14
azure,svc-etl-007@service.gov.ae,svc-etl-007@service.gov.ae,2026-08-14
gcp,serviceAccount:svc-etl-007@gov-gcp-prod.iam.gserviceaccount.com,svc-etl-007@service.gov.ae,2026-08-14
aws,arn:aws:iam::111122223333:role/svc-backup-008,svc-backup-008@service.gov.ae,2026-09-03
aws,arn:aws:iam::111122223333:role/svc-etl-009,svc-etl-009@service.gov.ae,2025-09-07
azure,svc-etl-009@service.gov.ae,svc-etl-009@service.gov.ae,2025-09-07
aws,arn:aws:iam::111122223333:role/svc-backup-010,svc-backup-010@service.gov.ae,2026-03-06
azure,svc-backup-010@service.gov.ae,svc-backup-010@service.gov.ae,2026-03-06
aws,arn:aws:iam::111122223333:role/svc-vm-agent-011,svc-vm-agent-011@service.gov.ae,2026-08-06
azure,svc-vm-agent-011@service.gov.ae,svc-vm-agent-011@service.gov.ae,2026-08-06
gcp,serviceAccount:svc-vm-agent-011@gov-gcp-prod.iam.gserviceaccount.com,svc-vm-agent-011@service.gov.ae,2026-08-06
aws,arn:aws:iam::111122223333:role/svc-ci-012,svc-ci-012@service.gov.ae,2026-07-31
azure,svc-ci-012@service.gov.ae,svc-ci-012@service.gov.ae,2026-07-31
gcp,serviceAccount:svc-ci-012@gov-gcp-prod.iam.gserviceaccount.com,svc-ci-012@service.gov.ae,2026-07-31
aws,arn:aws:iam::111122223333:role/svc-vm-agent-013,svc-vm-agent-013@service.gov.ae,2026-06-24
azure,svc-vm-agent-013@service.gov.ae,svc-vm-agent-013@service.gov.ae,2026-06-24
gcp,serviceAccount:svc-vm-agent-013@gov-gcp-prod.iam.gserviceaccount.com,svc-vm-agent-013@service.gov.ae,2026-06-24
aws,arn:aws:iam::111122223333:role/svc-vm-agent-014,svc-vm-agent-014@service.gov.ae,2026-06-22
azure,svc-vm-agent-014@service.gov.ae,svc-vm-agent-014@service.gov.ae,2026-06-22
azure,svc-vm-agent-015@service.gov.ae,svc-vm-agent-015@service.gov.ae,2026-07-09
gcp,serviceAccount:svc-vm-agent-015@gov-gcp-prod.iam.gserviceaccount.com,svc-vm-agent-015@service.gov.ae,2026-07-09
aws,arn:aws:iam::111122223333:role/svc-etl-016,svc-etl-016@service.gov.ae,2026-07-20
azure,svc-etl-016@service.gov.ae,svc-etl-016@service.gov.ae,2026-07-20
aws,arn:aws:iam::111122223333:role/svc-reporting-017,svc-reporting-017@service.gov.ae,2026-07-25
azure,svc-reporting-017@service.gov.ae,svc-reporting-017@service.gov.ae,2026-07-25
gcp,serviceAccount:svc-reporting-017@gov-gcp-prod.iam.gserviceaccount.com,svc-reporting-017@service.gov.ae,2026-07-25
azure,svc-data-pipeline-018@service.gov.ae,svc-data-pipeline-018@service.gov.ae,2026-09-05
aws,arn:aws:iam::111122223333:role/svc-ci-019,svc-ci-019@service.gov.ae,2026-05-18
azure,svc-ci-019@service.gov.ae,svc-ci-019@service.gov.ae,2026-05-18
gcp,serviceAccount:svc-ci-019@gov-gcp-prod.iam.gserviceaccount.com,svc-ci-019@service.gov.ae,2026-05-18
aws,arn:aws:iam::111122223333:role/svc-vm-agent-020,svc-vm-agent-020@service.gov.ae,2026-07-26
azure,svc-vm-agent-020@service.gov.ae,svc-vm-agent-020@service.gov.ae,2026-07-26
gcp,serviceAccount:svc-vm-agent-020@gov-gcp-prod.iam.gserviceaccount.com,svc-vm-agent-020@service.gov.ae,2026-07-26
aws,arn:aws:iam::111122223333:role/svc-ci-021,svc-ci-021@service.gov.ae,2026-08-15
azure,svc-ci-021@service.gov.ae,svc-ci-021@service.gov.ae,2026-08-15
gcp,serviceAccount:svc-ci-021@gov-gcp-prod.iam.gserviceaccount.com,svc-ci-021@service.gov.ae,2026-08-15
aws,arn:aws:iam::111122223333:role/svc-monitoring-022,svc-monitoring-022@service.gov.ae,2026-07-16
azure,svc-monitoring-022@service.gov.ae,svc-monitoring-022@service.gov.ae,2026-07-16
gcp,serviceAccount:svc-monitoring-022@gov-gcp-prod.iam.gserviceaccount.com,svc-monitoring-022@service.gov.ae,2026-07-16
aws,arn:aws:iam::111122223333:role/svc-backup-023,svc-backup-023@service.gov.ae,2026-08-15
azure,svc-backup-023@service.gov.ae,svc-backup-023@service.gov.ae,2026-08-15
aws,arn:aws:iam::111122223333:role/svc-backup-024,svc-backup-024@service.gov.ae,2025-07-07
gcp,serviceAccount:svc-backup-024@gov-gcp-prod.iam.gserviceaccount.com,svc-backup-024@service.gov.ae,2025-07-07
aws,arn:aws:iam::111122223333:role/svc-scanner-025,svc-scanner-025@service.gov.ae,2026-07-21
gcp,serviceAccount:svc-scanner-025@gov-gcp-prod.iam.gserviceaccount.com,svc-scanner-025@service.gov.ae,2026-07-21
aws,arn:aws:iam::111122223333:role/svc-reporting-026,svc-reporting-026@service.gov.ae,2026-02-20
gcp,serviceAccount:svc-reporting-026@gov-gcp-prod.iam.gserviceaccount.com,svc-reporting-026@service.gov.ae,2026-02-20
aws,arn:aws:iam::111122223333:role/svc-reporting-027,svc-reporting-027@service.gov.ae,2026-07-31
azure,svc-monitoring-028@service.gov.ae,svc-monitoring-028@service.gov.ae,2026-07-06
gcp,serviceAccount:svc-monitoring-028@gov-gcp-prod.iam.gserviceaccount.com,svc-monitoring-028@service.gov.ae,2026-07-06
aws,arn:aws:iam::111122223333:role/svc-scanner-029,svc-scanner-029@service.gov.ae,2026-07-12
azure,svc-scanner-029@service.gov.ae,svc-scanner-029@service.gov.ae,2026-07-12
gcp,serviceAccount:svc-scanner-029@gov-gcp-prod.iam.gserviceaccount.com,svc-scanner-029@service.gov.ae,2026-07-12
gcp,serviceAccount:svc-ci-030@gov-gcp-prod.iam.gserviceaccount.com,svc-ci-030@service.gov.ae,2026-07-21
aws,arn:aws:iam::111122223333:role/svc-monitoring-031,svc-monitoring-031@service.gov.ae,2026-08-19
aws,arn:aws:iam::111122223333:role/svc-etl-032,svc-etl-032@service.gov.ae,2026-06-30
azure,svc-etl-032@service.gov.ae,svc-etl-032@service.gov.ae,2026-06-30
gcp,serviceAccount:svc-etl-032@gov-gcp-prod.iam.gserviceaccount.com,svc-etl-032@service.gov.ae,2026-06-30
aws,arn:aws:iam::111122223333:role/svc-vm-agent-033,svc-vm-agent-033@service.gov.ae,2025-12-24
azure,svc-vm-agent-033@service.gov.ae,svc-vm-agent-033@service.gov.ae,2025-12-24
aws,arn:aws:iam::111122223333:role/svc-backup-034,svc-backup-034@service.gov.ae,2025-06-02
azure,svc-backup-034@service.gov.ae,svc-backup-034@service.gov.ae,2025-06-02
gcp,serviceAccount:svc-monitoring-035@gov-gcp-prod.iam.gserviceaccount.com,svc-monitoring-035@service.gov.ae,2026-07-14
aws,arn:aws:iam::111122223333:role/svc-etl-036,svc-etl-036@service.gov.ae,2026-03-22
azure,svc-etl-036@service.gov.ae,svc-etl-036@service.gov.ae,2026-03-22
gcp,serviceAccount:svc-etl-036@gov-gcp-prod.iam.gserviceaccount.com,svc-etl-036@service.gov.ae,2026-03-22
aws,arn:aws:iam::111122223333:role/svc-backup-037,svc-backup-037@service.gov.ae,2025-12-15
gcp,serviceAccount:svc-backup-037@gov-gcp-prod.iam.gserviceaccount.com,svc-backup-037@service.gov.ae,2025-12-15
aws,arn:aws:iam::111122223333:role/svc-backup-038,svc-backup-038@service.gov.ae,2025-11-20
azure,svc-backup-038@service.gov.ae,svc-backup-038@service.gov.ae,2025-11-20
gcp,serviceAccount:svc-backup-038@gov-gcp-prod.iam.gserviceaccount.com,svc-backup-038@service.gov.ae,2025-11-20
aws,arn:aws:iam::111122223333:role/svc-backup-039,svc-backup-039@service.gov.ae,2026-08-31
azure,svc-backup-039@service.gov.ae,svc-backup-039@service.gov.ae,2026-08-31
azure,svc-scanner-040@service.gov.ae,svc-scanner-040@service.gov.ae,2026-06-21
gcp,serviceAccount:svc-scanner-040@gov-gcp-prod.iam.gserviceaccount.com,svc-scanner-040@service.gov.ae,2026-06-21
aws,arn:aws:iam::111122223333:role/svc-reporting-041,svc-reporting-041@service.gov.ae,2026-09-07
azure,svc-reporting-041@service.gov.ae,svc-reporting-041@service.gov.ae,2026-09-07
azure,svc-backup-042@service.gov.ae,svc-backup-042@service.gov.ae,2026-08-26
gcp,serviceAccount:svc-backup-042@gov-gcp-prod.iam.gserviceaccount.com,svc-backup-042@service.gov.ae,2026-08-26
aws,arn:aws:iam::111122223333:role/svc-reporting-043,svc-reporting-043@service.gov.ae,2026-01-07
azure,svc-reporting-043@service.gov.ae,svc-reporting-043@service.gov.ae,2026-01-07
gcp,serviceAccount:svc-reporting-043@gov-gcp-prod.iam.gserviceaccount.com,svc-reporting-043@service.gov.ae,2026-01-07
aws,arn:aws:iam::111122223333:role/svc-monitoring-044,svc-monitoring-044@service.gov.ae,2026-01-29
gcp,serviceAccount:svc-monitoring-044@gov-gcp-prod.iam.gserviceaccount.com,svc-monitoring-044@service.gov.ae,2026-01-29
aws,arn:aws:iam::111122223333:role/svc-data-pipeline-045,svc-data-pipeline-045@service.gov.ae,2026-09-03
azure,svc-data-pipeline-045@service.gov.ae,svc-data-pipeline-045@service.gov.ae,2026-09-03
gcp,serviceAccount:svc-data-pipeline-045@gov-gcp-prod.iam.gserviceaccount.com,svc-data-pipeline-045@service.gov.ae,2026-09-03
aws,arn:aws:iam::111122223333:role/svc-data-pipeline-046,svc-data-pipeline-046@service.gov.ae,2026-07-14
azure,svc-data-pipeline-046@service.gov.ae,svc-data-pipeline-046@service.gov.ae,2026-07-14
gcp,serviceAccount:svc-data-pipeline-046@gov-gcp-prod.iam.gserviceaccount.com,svc-data-pipeline-046@service.gov.ae,2026-07-14
gcp,serviceAccount:svc-billing-sync-047@gov-gcp-prod.iam.gserviceaccount.com,svc-billing-sync-047@service.gov.ae,2026-08-13
azure,svc-ci-048@service.gov.ae,svc-ci-048@service.gov.ae,2025-12-03
gcp,serviceAccount:svc-ci-048@gov-gcp-prod.iam.gserviceaccount.com,svc-ci-048@service.gov.ae,2025-12-03
azure,svc-reporting-049@service.gov.ae,svc-reporting-049@service.gov.ae,2026-08-14
gcp,serviceAccount:svc-reporting-049@gov-gcp-prod.iam.gserviceaccount.com,svc-reporting-049@service.gov.ae,2026-08-14
gcp,serviceAccount:svc-vm-agent-050@gov-gcp-prod.iam.gserviceaccount.com,svc-vm-agent-050@service.gov.ae,2026-08-20
aws,arn:aws:iam::111122223333:role/svc-billing-sync-051,svc-billing-sync-051@service.gov.ae,2026-08-20
azure,svc-billing-sync-051@service.gov.ae,svc-billing-sync-051@service.gov.ae,2026-08-20
aws,arn:aws:iam::111122223333:role/svc-reporting-052,svc-reporting-052@service.gov.ae,2026-08-20
gcp,serviceAccount:svc-reporting-052@gov-gcp-prod.iam.gserviceaccount.com,svc-reporting-052@service.gov.ae,2026-08-20
aws,arn:aws:iam::111122223333:role/svc-ci-053,svc-ci-053@service.gov.ae,2026-06-25
azure,svc-ci-053@service.gov.ae,svc-ci-053@service.gov.ae,2026-06-25
gcp,serviceAccount:svc-ci-053@gov-gcp-prod.iam.gserviceaccount.com,svc-ci-053@service.gov.ae,2026-06-25
aws,arn:aws:iam::111122223333:role/svc-vm-agent-054,svc-vm-agent-054@service.gov.ae,2026-07-24
azure,svc-vm-agent-054@service.gov.ae,svc-vm-agent-054@service.gov.ae,2026-07-24
aws,arn:aws:iam::111122223333:role/svc-scanner-055,svc-scanner-055@service.gov.ae,2026-05-13
gcp,serviceAccount:svc-scanner-055@gov-gcp-prod.iam.gserviceaccount.com,svc-scanner-055@service.gov.ae,2026-05-13
aws,arn:aws:iam::111122223333:role/svc-data-pipeline-056,svc-data-pipeline-056@service.gov.ae,2026-07-06
azure,svc-data-pipeline-056@service.gov.ae,svc-data-pipeline-056@service.gov.ae,2026-07-06
gcp,serviceAccount:svc-data-pipeline-056@gov-gcp-prod.iam.gserviceaccount.com,svc-data-pipeline-056@service.gov.ae,2026-07-06
aws,arn:aws:iam::111122223333:role/svc-vm-agent-057,svc-vm-agent-057@service.gov.ae,2026-05-19
azure,svc-vm-agent-057@service.gov.ae,svc-vm-agent-057@service.gov.ae,2026-05-19
gcp,serviceAccount:svc-vm-agent-057@gov-gcp-prod.iam.gserviceaccount.com,svc-vm-agent-057@service.gov.ae,2026-05-19
aws,arn:aws:iam::111122223333:role/svc-reporting-058,svc-reporting-058@service.gov.ae,2026-08-12
azure,svc-reporting-058@service.gov.ae,svc-reporting-058@service.gov.ae,2026-08-12
gcp,serviceAccount:svc-reporting-058@gov-gcp-prod.iam.gserviceaccount.com,svc-reporting-058@service.gov.ae,2026-08-12
aws,arn:aws:iam::111122223333:role/svc-vm-agent-059,svc-vm-agent-059@service.gov.ae,2026-05-20
azure,svc-vm-agent-059@service.gov.ae,svc-vm-agent-059@service.gov.ae,2026-05-20
aws,arn:aws:iam::111122223333:role/svc-ci-060,svc-ci-060@service.gov.ae,2026-09-08
gcp,serviceAccount:svc-ci-060@gov-gcp-prod.iam.gserviceaccount.com,svc-ci-060@service.gov.ae,2026-09-08
azure,svc-vm-agent-061@service.gov.ae,svc-vm-agent-061@service.gov.ae,2026-07-27
gcp,serviceAccount:svc-vm-agent-061@gov-gcp-prod.iam.gserviceaccount.com,svc-vm-agent-061@service.gov.ae,2026-07-27
aws,arn:aws:iam::111122223333:role/svc-reporting-062,svc-reporting-062@service.gov.ae,2026-07-19
azure,svc-reporting-062@service.gov.ae,svc-reporting-062@service.gov.ae,2026-07-19
gcp,serviceAccount:svc-reporting-062@gov-gcp-prod.iam.gserviceaccount.com,svc-reporting-062@service.gov.ae,2026-07-19
aws,arn:aws:iam::111122223333:role/svc-monitoring-063,svc-monitoring-063@service.gov.ae,2026-09-03
azure,svc-monitoring-063@service.gov.ae,svc-monitoring-063@service.gov.ae,2026-09-03
aws,arn:aws:iam::111122223333:role/svc-monitoring-064,svc-monitoring-064@service.gov.ae,2026-08-21
azure,svc-monitoring-064@service.gov.ae,svc-monitoring-064@service.gov.ae,2026-08-21
gcp,serviceAccount:svc-monitoring-064@gov-gcp-prod.iam.gserviceaccount.com,svc-monitoring-064@service.gov.ae,2026-08-21
gcp,serviceAccount:svc-ci-065@gov-gcp-prod.iam.gserviceaccount.com,svc-ci-065@service.gov.ae,2026-02-14
aws,arn:aws:iam::111122223333:role/svc-scanner-066,svc-scanner-066@service.gov.ae,2026-07-10
azure,svc-scanner-066@service.gov.ae,svc-scanner-066@service.gov.ae,2026-07-10
gcp,serviceAccount:svc-scanner-066@gov-gcp-prod.iam.gserviceaccount.com,svc-scanner-066@service.gov.ae,2026-07-10
aws,arn:aws:iam::111122223333:role/svc-backup-067,svc-backup-067@service.gov.ae,2026-05-14
azure,svc-backup-067@service.gov.ae,svc-backup-067@service.gov.ae,2026-05-14
gcp,serviceAccount:svc-backup-067@gov-gcp-prod.iam.gserviceaccount.com,svc-backup-067@service.gov.ae,2026-05-14
aws,arn:aws:iam::111122223333:role/svc-vm-agent-068,svc-vm-agent-068@service.gov.ae,2026-08-23
azure,svc-vm-agent-068@service.gov.ae,svc-vm-agent-068@service.gov.ae,2026-08-23
gcp,serviceAccount:svc-vm-agent-068@gov-gcp-prod.iam.gserviceaccount.com,svc-vm-agent-068@service.gov.ae,2026-08-23
aws,arn:aws:iam::111122223333:role/svc-reporting-069,svc-reporting-069@service.gov.ae,2026-09-04
azure,svc-reporting-069@service.gov.ae,svc-reporting-069@service.gov.ae,2026-09-04
